道路名称,路龄,车道面积,前一年pci,当年pci,总钱数,道路属性,年份
海淀南路,5,27265,81.33,84.41,66.2053,次干路,2016
苏州街路,10,41524.1,89.7,79.52,67.2014,次干路,2016
海淀南路,6,27265,89.41,91.49,41.6767,次干路,2016
苏州街路,11,41524.1,79.52,95.29,65.6272,次干路,2016
海淀南路,7,27265,91.49,84.08,59.1826,次干路,2016
紫竹院路（车道沟-四季青）,16,68672,81.04,92.5,125.3412,主干路,2016
海淀南路,8,27265,84.08,87.15,37.3213,次干路,2016
苏州街路,13,41524.1,86.86,83.9,44.2427,次干路,2016
紫竹院路（车道沟-四季青）,17,68672,92.5,84.23,74.8534,主干路,2016
紫竹院路（车道沟-四季青）,19,68672,90.96,81.37,17.4841,主干路,2016
苏州街路,14,41524.1,83.8,82.56,15.4357,次干路,2016
海淀南路,9,27265,87.15,84.41,11.4192,次干路,2016
卢沟桥南路,3,38643.82,91.78,94.46,16.2098,主干路,2016
安定门内大街,5,18256.4,82.16,84.41,2.187,次干路,2016
东单北大街,6,21742,80.21,84.09,61.9116,主干路,2016
东四北大街,6,30984,80.9,93.61,50.3775,主干路,2016
东长安街,7,87205.5,94.89,97.43,8.93762,主干路,2016
手帕口北街,7,10658,95.95,83.45,68.7814,主干路,2016
成寿寺路,7,164380,79.29,82.18,375.1894,主干路,2016
万寿路,7,40080,89.9,81.86,0.6435,主干路,2016
东华门大街,8,8744.5,83.6,84.53,0.0823,次干路,2016
安立路,8,242814.25,80.04,84.51,62.5856,主干路,2016
安立路,8,83082.81,79.18,85.58,28.874649,主干路,2016
北辰西路,8,141018.2,85.74,86.72,139.423667,主干路,2016
北辰西路,8,169285.72,78.81,85.56,187.468885,主干路,2016
北土城东路,8,64400,84.08,83.65,19.5781,主干路,2016
大屯路,8,115053.14,96.39,83.67,0,主干路,2016
和平里北街,8,271131.73,81.06,90.81,170.285874,主干路,2016
慧忠路,8,29103,90.28,92.5,85.079618,主干路,2016
机场二通道辅路,8,144684.05,92.7,84.79,128.7457,主干路,2016
姜庄路,8,23324,87.1,84.89,80.6425,主干路,2016
马连洼北路,8,36406.4,89.9,81.86,0,主干路,2016
陶然亭路,8,57151.5,92.58,80.46,240.2361851,主干路,2016
万寿路,8,66248,92.91,85.24,104.1427,主干路,2016
西客站南路,8,130225.25,90.28,82.82,139.276675,主干路,2016
永定门内大姐,9,32927.1,83.72,82.61,25.0423,主干路,2016
张仪村路,9,34010,81.55,84.34,51.3123,主干路,2016
崇文门内大街,9,61987,89.8,83.69,30.6125,主干路,2016
地安门东大街,9,28800,84.81,89.56,142.2752,主干路,2016
地安门西大街,9,54746,82.81,84.5,21.4216,主干路,2016
东大桥路,9,65126.4,81.79,84.91,5.5844,主干路,2016
东四十条,9,36000,90.97,81.45,4.517299,主干路,2016
东直门外大街,9,26725.2,92.03,94.82,42.9201,主干路,2016
丰葆路,9,49784,85.74,78.94,39.2291,主干路,2016
工人体育场东路,9,20521.9,61.5,79.14,3.6417,主干路,2016
广安门外大街,9,38376,82.75,82.41,5.514526,主干路,2016
惠新东街,9,31120,89.26,81.71,189.4077,主干路,2016
蒲黄榆路,9,14882.9,87.96,74.9,22.2034,主干路,2016
太平街,9,20676.6,85.32,89.02,0.2095,主干路,2016
天桥南大街,9,52912,88.65,83.17,75.212214,主干路,2016
樱花园西街,9,27633.8,91.53,80.36,27.1014,主干路,2016
中关村北大街,9,14820,95.77,93.6,0,主干路,2016
羊坊店路,9,31549,84.26,83.47,108.8887,次干路,2016
安翔北路,9,34094.63,77.06,88.05,96.134347,主干路,2016
南新华街,10,12530,86.65,94.9,0.0591,主干路,2016
辛店路（辛店村路东延）,10,37538.5,83.73,84.38,61.0291,主干路,2016
北京站前街,10,43232,78.97,84.37,72.926,主干路,2016
崇文门东大街,10,52439,86.27,88.89,75.3114,主干路,2016
崇文门外大街,10,64748,83.64,84.28,52.8676,主干路,2016
亮马桥路,10,30857,92.34,81.61,115.1512,主干路,2016
天坛东路,10,16577,73.26,70.43,0.8567,主干路,2016
右安门内大街,10,30698,80.6,81.6,14.8776129,主干路,2016
北纬路,10,19717.8,91.87,84.26,24.6531652,次干路,2016
方庄路,10,39434.5,90.35,80.73,30.820315,次干路,2016
芳古路,10,23384.2,83.2,91.53,0.1365,次干路,2016
卢沟桥路,10,44090,83.12,84.81,46.2282,次干路,2016
新源南路,10,50940,87.05,86.95,20.0268,次干路,2016
松榆南路,10,33134.2,74.8,81.77,2.2068,主干路,2016
太平桥大街,10,33910,90.74,82.13,1.1215,主干路,2016
西大望路,11,27311.25,83.49,94.95,0.115206,主干路,2016
赵登禹路,11,112338,90.81,76.45,114.0465,主干路,2016
奥林东路,11,70854.5,99.01,78.72,23.035392,主干路,2016
玲珑路,11,334809,76.97,79.71,134.173867,主干路,2016
马家堡西路,11,25356,86.52,82.97,0,主干路,2016
南苑路,11,131269.75,86.33,82.72,205.058942,主干路,2016
宣武门内大街,12,21450,83.49,94.95,14.720505,主干路,2016
玉泉路,12,23520.8,90.81,76.45,12.995529,主干路,2016
京承联络线主路,12,83490,99.01,78.72,216.940032,快速路,2016
京承路左侧辅路,12,7220,76.97,79.71,24.2917,主干路,2016
小屯路,12,142458.1,86.52,82.97,6.0355,主干路,2016
辛店村立交道路,13,27851,88.94,78.2,107.9347,主干路,2016
永丰路,13,402177.1,80.62,84.05,406.0825,主干路,2016
白纸坊西街,13,57311,89.34,79.68,0.7362,主干路,2016
朝阳北路,13,67534.6,90.45,79.95,74.70062,主干路,2016
首体南路,14,16775,90.32,88.16,41.1328,主干路,2016
万丰路,14,35310,84.41,91.12,1.9911,主干路,2016
东大街（丰台东大街）,14,41920,85.72,78.56,54.4356,主干路,2016
宣武门外大街,14,17186,100,91.17,0.2532,主干路,2016
远大路,15,22678.5,79.37,79.51,4.145475,主干路,2016
交道口南大街,15,24552,84.86,76.98,6.572635,次干路,2016
西直门北大街右侧辅路,15,60398,81.36,84.05,36.7963,主干路,2016
西直门北大街左侧辅路,15,25444,94.04,81.78,2.1965,主干路,2016
广渠门内大街,15,9518,72.51,67.26,1.991832,主干路,2016
骡马市大街,15,15000,75.72,87.5,15.261013,主干路,2016
学院路右侧辅路,15,52980,85.29,90.04,14.3202,主干路,2016
学院路左侧辅路,15,33941,89.16,84.92,54.8076,主干路,2016
珠市口东大街,16,26564.5,84.8,70.97,0.87411,主干路,2016
珠市口西大街,16,34800,62.5,70.64,30.1721,主干路,2016
德胜门外大街右侧辅路,16,8700,69.47,99.29,0.4579,主干路,2016
来广营西路,16,17748,75.21,99.43,1.4517,主干路,2016
北池子大街,16,15060,79.27,99.43,0.3249,次干路,2016
北河沿北大街,16,14941,76.53,99.2,0.1435,次干路,2016
北河沿南大街,16,30635.4,79.53,69.97,2.5721,次干路,2016
南河沿大街,16,51657.9,77.99,73.97,1.2871,次干路,2016
东直门内大街,16,34658.8,77.5,69.9,0.0437,主干路,2016
和平里西街,16,20770,80.75,75.68,2.188481,主干路,2016
劲松路,16,9399.2,81.15,68.89,0.3334,主干路,2016
土城西侧路,16,11378.6,80.03,69.21,0.8714,主干路,2016
西四南大街,16,48624,74.18,73.73,0.2216,主干路,2016
新街口南大街,16,27723.5,60.3,69.92,48.803,主干路,2016
阜安西路,16,32544,80.69,83.4,22.6818,次干路,2016
和平里东街,16,44698.8,72,71.78,29.2735,次干路,2016
天坛路,16,143561,92.1,74.03,2.2366,次干路,2016
望京街,16,56983.2,82.95,84.17,82.8751,次干路,2016
莲花池东路,16,23245,88.19,78.78,346.506269,快速路,2016
安定门外大街,16,12969,88.75,83.9,46.3634,主干路,2016
白云路,16,37593.4,90.61,80.01,0.4486,主干路,2016
白纸坊东街,16,32967.2,90.86,88.05,139.556388,主干路,2016
北辰路,16,34028,84.98,68.02,0.998,主干路,2016
北太平庄路,16,57420.3,75.94,83.25,0.7828,主干路,2016
北辛安路,16,15289.5,81.07,74.25,17.074756,主干路,2016
北苑东路,16,41702,72.98,80.2,363.561,主干路,2016
菜户营南路右辅路,16,20532,80.69,82.1,199.6468,主干路,2016
朝阳公园南路,16,45576,87.08,82.39,9.652,主干路,2016
朝阳门内大街,16,61099,92.38,81.71,65.8231,主干路,2016
车公庄大街,16,16935,91.49,92.7,11.1113,主干路,2016
车公庄西路,16,36480,84.89,81.59,41.7841,主干路,2016
崇文门西大街,16,94500,91.26,79.3,31.2904,主干路,2016
长春桥路,16,3660,92.76,83.72,0,主干路,2016
大灰厂路,16,12328.5,90.68,83.72,0,主干路,2016
东北城角联络线右侧辅路,16,12657.4,94.66,83.56,0,主干路,2016
东北城角联络线左侧辅路,16,56649.8,79.86,84.16,47.2768,主干路,2016
东直门外斜街,16,58399.2,88.44,87.31,44.3076,主干路,2016
阜通西大街,16,68054,65.84,74.95,393.247882,主干路,2016
鼓楼外大街,16,36398,73.49,78.77,156.51949,主干路,2016
广顺北大街,16,42411.4,80.52,84.54,61.8246,主干路,2016
广顺南大街,16,20376,80.7,83.75,90.8167,主干路,2016
红军营南路,16,20742.8,87.82,84.53,104.4036,主干路,2016
湖光中街,16,53021.2,83,82.84,5.0144,主干路,2016
花园东路,16,43547,83.34,93.91,61.574,主干路,2016
化工路南段,16,74403,88.91,96.27,11.1775,主干路,2016
建国路,16,73991.5,83.41,96.9,42.0963,主干路,2016
建国门内大街,16,27428.4,94.2,80.5,17.4576,主干路,2016
建国门外大街,16,15917.4,94.89,70.51,2.9823,主干路,2016
交道口东大街,16,9662,83.37,84.59,0.2026,主干路,2016
金顶西街,16,23100,91.8,82.36,2.680544,主干路,2016
静安西街,16,105362.9,97.24,79.98,239.891966,主干路,2016
科技大道,16,59846.4,79.57,81.49,73.03335,主干路,2016
马家堡东路,16,26938.8,87.58,81.93,152.16967,主干路,2016
南磨房路,16,32341.1,86.35,96.09,54.2872,主干路,2016
农大南路,16,104639.2,71.13,83.24,20.5672,主干路,2016
前门东大街,16,28597.3,83.33,97.98,0.27897,主干路,2016
青年路,16,49722.12,92.08,93.54,10.5469,主干路,2016
通惠河北路右侧辅路,16,8372.3,89.11,93.49,0.2278,主干路,2016
通惠河北路左侧辅路,16,164853,89.02,86.29,2.2619,主干路,2016
魏公村路,16,4309,81.18,79.8,0.3524,主干路,2016
温阳路,16,7009,94.71,77.18,1.2449,主干路,2016
西四东大街,16,17564,77.87,67.13,94.2282,主干路,2016
西五环中路（京原路）,16,16856.2,78.27,87.72,32.1308,主干路,2016
西直门内大街,16,31121.7,80.03,78.29,185.8348,主干路,2016
香河园路,16,13840,73.41,62.22,1.9053,主干路,2016
霄云路,16,38938.7,87.21,96.59,47.8748,主干路,2016
新街口北大街,16,93131,62.49,79.44,158.5923,主干路,2016
星火西路,16,12175.6,67.36,84.26,94.2982,主干路,2016
姚家园新路,16,10632,84.06,91.35,0.6457,主干路,2016
樱花园东街,16,109200,85.54,80.98,55.3534,主干路,2016
雍和宫大街,16,25726,81.83,84.15,1.4379,主干路,2016
圆明园东路,16,18088,83.92,81.88,55.1509,主干路,2016
张自忠路,16,7999,97.75,92.03,0.0317,主干路,2016
志新东路（花园东路）,16,20218.2,81.04,85.23,2.3528,主干路,2016
北长街,16,20617,76.54,84.37,6.462,次干路,2016
北京站东街,16,12003.5,77.17,89.57,109.8853,次干路,2016
北京站西街,16,112080,87.62,81.44,16.93832,次干路,2016
北新华街,16,36650,87.74,79.67,131.15455,次干路,2016
长青路,16,10765,99.35,94.68,0.0317,次干路,2016
稻香湖路,16,5891.5,100,95.75,153.4237,次干路,2016
地安门外大街,16,13558.5,84.89,89.44,0.4093,次干路,2016
东安门大街,16,44150.2,85.33,84.71,19.6756,次干路,2016
东四西大街,16,33554.7,79.69,82.52,6.9459,次干路,2016
垡头路（垡头南路）,16,29449.5,88.65,82.98,0.2891,次干路,2016
芳园西路,16,13573,92.57,84.54,0.4748,次干路,2016
府右街,16,12960,78.51,84.78,1.0803,次干路,2016
鼓楼东大街,16,22184,79.34,80.81,0.1213,次干路,2016
广顺北大街北段,16,23947,87.47,84.98,0.6098,次干路,2016
红军营东路,16,12420,80.6,84.06,97.2417,次干路,2016
金宝街,16,7163,72.21,69.36,0.2005,次干路,2016
金鱼胡同,16,7563.7,76.87,68.56,0.0106,次干路,2016
景山东街,16,18263.8,86.01,77.05,20.5354,次干路,2016
景山后街,16,5423.9,81.14,76.38,0.0675,次干路,2016
景山前街,16,81073,75.24,85.14,0.3722,次干路,2016
景山西街,16,22608,78.04,84.62,1.8631,次干路,2016
来广营东路,16,10913,78.46,84.82,0.1924,次干路,2016
利泽西街,16,7250,96.5,84.06,0.2005,次干路,2016
柳芳北街,16,3610.5,81.96,92.81,21.6165,次干路,2016
美术馆东街,16,21223.8,95.01,93.05,2.1069,次干路,2016
闹市口北街,16,22945,92.4,76.17,169.6927,次干路,2016
香山南路（射击场南路）,16,37965,84.26,81.01,91.4143,次干路,2016
月坛北街,16,6721,79.25,84.62,0.7683,次干路,2016
月坛南街,16,5451,81.72,72.59,0.249,次干路,2016
正义路东线,1,26564.5,70.97,97.92,0.2191,次干路,2016
正义路西线,1,20427,70.84,86,0.0464,次干路,2016
德胜门外大街右侧辅路,1,143726.61,94.15,84.2,6.161615,主干路,2017
虎坊路,1,148102,95.37,79.23,5.09872,主干路,2017
四环内辅路,1,8700,99.29,91.61,0.0464,主干路,2017
小武基桥,1,17748,99.43,91.92,0,主干路,2017
北池子大街,1,15060,99.43,92.88,0,次干路,2017
北河沿北大街,1,14941,99.2,93.77,0,次干路,2017
北河沿南大街,2,16595,92.07,94.74,0.1224,次干路,2017
南河沿大街,2,96949.1,87.8,85.76,1.136458,次干路,2017
牛街,2,48009.9,92.79,87.18,0.249824,主干路,2017
三环路内环辅路,2,84878.9,88.84,85.66,0.564302,主干路,2017
三环路内环辅路,2,42032.7,99.18,87.16,0.490945,主干路,2017
三环路外环辅路,2,28240,82.49,99.42,0.0422,主干路,2017
三环路外环辅路,3,136009,94.31,84.94,30.909948,主干路,2017
建材城东路,3,21272.9,96.89,88.77,0.6815,次干路,2017
朝阳路,3,79139,92.24,84.09,40.161638,主干路,2017
光明路,3,77435.4,92.52,85.86,6.976016,主干路,2017
三环路内环辅路,3,67368.8,90.81,83.69,50.195603,主干路,2017
三环路内环辅路,3,69286.1,93.96,84.01,70.232093,主干路,2017
三环路内环辅路,3,67794.6,92.17,85.8,2.230051,主干路,2017
三环路外环辅路,3,58981.3,91.49,83.76,0.617386,主干路,2017
三环路外环辅路,3,74880,82.91,83.84,18.9543,主干路,2017
三环路外环辅路,3,21943,95.77,85.71,16.1567,主干路,2017
上地西路,3,69732,93.65,90.04,0.2585,主干路,2017
体育馆路,3,16725.3,84.34,78.78,0.1161,主干路,2017
望京北路,4,98343,88.26,86.36,9.219775,主干路,2017
美术馆后街,4,86099.2,94.69,86.43,45.788943,次干路,2017
三环路内环辅路,4,5700,92.9,82.61,0,主干路,2017
三环路外环辅路,4,38643.82,94.46,84.01,12.604092,主干路,2017
杨庄大街,5,64561.7,95.92,87.9,3.8978,主干路,2017
卢沟桥南路,5,60235.9,81.62,81.33,333.4404,主干路,2017
工人体育场北路,5,87091.1,81.48,81.33,0.3557,主干路,2017
G1辅路（京沈高速右辅路）,5,97916.4,83.99,86.08,227.60676,主干路,2017
G1辅路（京沈高速左辅路）,5,88075,91.87,85.05,7.615034,主干路,2017
石门路,5,77109.6,93.3,84.66,59.94671,主干路,2017
三环路内环辅路,5,10986,95.76,93.19,5.9399,主干路,2017
三环路外环辅路,6,27816,73.56,80.71,83.3238,主干路,2017
台基厂大街,6,34381.3,90.61,86.53,9.3407666,支路,2017
阜成门内大街,6,30100.8,86.57,86.71,20.545988,主干路,2017
三环路内环辅路,6,39356.5,81.38,84.24,69.04046,主干路,2017
三环路外环辅路,6,50252.1,81.88,83.18,59.267726,主干路,2017
三里河东路,6,18256.4,84.41,81.31,75.3028,主干路,2017
新东路,7,21742,84.09,81.1,21.1198,主干路,2017
安定门内大街,7,30984,93.61,84.11,8.2224,次干路,2017
东单北大街,7,16694.5,84.44,81.23,16.3543,主干路,2017
东四北大街,7,12975,83.49,83.05,7.5706,主干路,2017
东四南大街,7,14310.1,92.18,85.45,0.303418,主干路,2017
酒仙桥南路,7,41195.6,87.4,83.94,24.7335,主干路,2017
三环路内环辅路,7,12528.4,94.76,82.44,20.361859,主干路,2017
三环路内环辅路,7,36066.7,87.22,86.2,12.458611,主干路,2017
三环路外环辅路,7,468646.3,84.91,88.31,270.619232,主干路,2017
三环路外环辅路,7,207217,94.24,86.16,1.3989,主干路,2017
阜石路,7,45360.6,94.02,84.88,0.2289,快速路,2017
阜石路,7,28312.8,93.18,84.12,0.154,快速路,2017
阜石路,7,208107,91.33,87.64,13.361328,快速路,2017
金榆路（温榆河大道）,8,33086,81.2,83.28,2.0961,主干路,2017
金盏路（温榆河大道）,8,87205.5,97.43,93.4,119.795444,主干路,2017
康营东路（温榆河大道）,8,44920.5,93.62,87.1,7.90766,主干路,2017
榴乡路（蒲黄榆路）,8,10658,83.45,85.39,0,主干路,2017
北苑路北段,8,50653.8,80.03,87.77,4.8027,主干路,2017
东长安街,8,164380,82.18,83.08,25.206394,主干路,2017
京密路（京顺路）,8,40080,81.86,88.7,64.512561,主干路,2017
手帕口北街,8,84760,85.01,87.13,1.5802,主干路,2017
北湖渠路(鼎成路),9,80694.4,82.32,86.08,12.14924,主干路,2017
成寿寺路,9,377708.22,85.52,82.67,279.390743,主干路,2017
万寿路,9,389206.5,85.73,87.1,280.561149,主干路,2017
望京西路,9,8744.5,84.53,83.29,20.425201,次干路,2017
广渠路,9,242814.25,84.51,84.04,28.417682,主干路,2017
广渠路,9,72843.282,93.73,88.4,4.246789,主干路,2017
四环路内环辅路,9,83082.81,85.58,93.77,120.404038,主干路,2017
四环路外环辅路,9,141018.2,86.72,87.83,32.299356,主干路,2017
东华门大街,9,169285.72,85.56,87.92,131.4698409,次干路,2017
安立路,9,64400,83.65,83.82,29.8109,主干路,2017
安立路,9,115053.14,83.67,88.43,0,主干路,2017
北辰东路,9,271131.73,90.81,86.69,160.849499,主干路,2017
北辰西路,9,29103,92.5,86.71,1.633203,主干路,2017
北辰西路,9,144684.05,84.79,76.17,8.235434,主干路,2017
北土城东路,9,23324,84.89,88.51,17.0047,主干路,2017
大屯路,9,36406.4,81.86,88.7,0,主干路,2017
和平里北街,9,57151.5,80.46,81.82,194.680986,主干路,2017
慧忠路,9,66248,85.24,86.29,1.3103,主干路,2017
机场二通道辅路,9,130225.25,82.82,75.95,0,主干路,2017
姜庄路,10,32927.1,82.61,84.8,57.2453,主干路,2017
马连洼北路,10,34010,84.34,70.34,64.568905,主干路,2017
陶然亭路,10,61987,83.69,92.36,289.692033,主干路,2017
万寿路,10,28800,89.56,84.48,492.236345,主干路,2017
北京西站南路(西客站南路),10,54746,84.5,77.51,0.9833,主干路,2017
永定门内大街,10,65126.4,84.91,83.17,193.5201,主干路,2017
张仪村路,10,36000,81.45,69.58,73.882,主干路,2017
崇文门内大街,10,26725.2,94.82,85.24,8.458,主干路,2017
地安门东大街,10,20521.9,79.14,84.65,74.18782,主干路,2017
地安门西大街,10,45043,81.9,99.48,592.5784,主干路,2017
东大桥路,10,38376,82.41,80.56,23.720335,主干路,2017
东四十条,10,24810.3,93.84,86.08,0.677295,主干路,2017
东直门外大街,10,52687,90.57,80.94,54.930508,主干路,2017
丰葆路,10,21721.4,94.22,82.88,10.269728,主干路,2017
工人体育场东路,10,46127.5,93.22,84.18,110.196347,主干路,2017
惠新东街,10,31120,81.71,84.14,56.7591,主干路,2017
平安里西大街,10,20252,82.36,86.68,77.037827,主干路,2017
蒲黄榆路,10,20676.6,89.02,84.87,0.157,主干路,2017
三环路内环辅路,10,52912,83.17,87.15,2.2725,主干路,2017
三环路内环辅路,10,90620,81.13,89.92,93.909172,主干路,2017
三环路外环辅路,10,27633.8,80.36,81.09,114.537596,主干路,2017
三环路外环辅路,10,14820,93.6,89.28,13.544301,主干路,2017
太平街,10,79548.97,94.61,89.33,0.0802,主干路,2017
文津街,10,31549,83.47,83.85,0.5296,主干路,2017
樱花园西街,10,34094.63,88.05,89.89,1.130118,主干路,2017
中关村北大街,11,12530,94.9,83.14,0.2849,主干路,2017
中关村南大街,11,37538.5,84.38,86.66,75.21208,主干路,2017
羊坊店路,11,43232,84.37,76.44,1.7049,次干路,2017
安翔北路,11,4060,92.23,83.46,0.0063,主干路,2017
红坊路,11,147671.2,80.11,78.68,45.9113,主干路,2017
南新华街,11,31856.2,90.88,82.87,0.3081,主干路,2017
辛店路（辛店村路东延）,11,52439,88.89,87.57,57.089564,主干路,2017
北京站街,11,27074.2,83.25,86.6,0.2574,主干路,2017
崇文门东大街,11,41661.1,92.37,89.5,0.095,主干路,2017
崇文门外大街,11,63748,84.28,79.57,56.5527,主干路,2017
东蒲立交道路,11,59296,73.53,86.15,24.348,主干路,2017
东苇路,11,30857,81.61,82.26,17.4104,主干路,2017
东苇路（温榆河大道）,11,16577,70.43,82.54,5.0209,主干路,2017
亮马桥路,11,92646.2,87.65,86.22,0.75538,主干路,2017
农展馆南路,11,44090,84.81,85.21,191.44935,主干路,2017
太阳宫南街（北土城东路东延）,11,50940,86.95,85.61,123.3138,主干路,2017
天坛东路,11,33134.2,81.77,80.85,0.1363,主干路,2017
永定门外大街,11,19596,87.61,79.11,0,主干路,2017
右安门内大街,11,33910,82.13,90.46,215.1838,主干路,2017
北纬路,11,116272,81.48,89.32,40.019435,次干路,2017
科荟路,11,36132,82.9,78.47,1.09395,主干路,2017
松榆南路,11,27311.25,94.95,88.36,5.067409,主干路,2017
太平桥大街,11,65842.6,84.85,82.7,86.68253,主干路,2017
西大望路,11,112338,76.45,73.05,164.4246494,主干路,2017
石板房南路（辛店村路西延）,11,70854.5,78.72,83.93,52.217382,主干路,2017
赵登禹路,11,334809,79.71,81.16,543.814046,主干路,2017
南大红门路,11,131269.75,82.72,91.29,3.584293,次干路,2017
南苑东路,12,21450,92.9,88.3,3.058261,次干路,2017
奥林东路,12,55594,80.7,77.5,10.26781,主干路,2017
朝阳路,13,83490,86.93,80.98,97.6573,主干路,2017
玲珑路,13,142458.1,89.3,75.13,100.8861,主干路,2017
马家堡西路,14,27851,78.2,72.31,61.2153,主干路,2017
南苑路,14,402177.1,84.05,86.33,449.979481,主干路,2017
玉泉路,14,57311,79.68,82.31,57.9198544,主干路,2017
京承联络线主路,14,67534.6,79.95,76.51,95.272168,快速路,2017
开阳路,14,28968,92.92,84.59,0,主干路,2017
小屯路,14,37084,83.02,75.86,4.8652,主干路,2017
永丰路,16,34747.5,70.97,95.24,0.447531,主干路,2017
白纸坊西街,16,30635.4,69.97,86.95,0.1583,主干路,2017
朝阳北路,16,51657.9,73.97,84.49,0.3946,主干路,2017
首体南路,16,34658.8,69.9,88.81,0.0962,主干路,2017
万丰路,16,90329,86.98,92.04,0.1829,主干路,2017
东南五环南侧路,16,275236.5,94.15,83.75,7.413625,次干路,2017
西二旗北路（东北旺北路东段）,16,283615.3,95.37,77.04,5.82033,次干路,2017
德胜门外大街左侧辅路,16,20770,75.86,90,0.188423,主干路,2017
东直门内大街,16,9399.2,68.89,96.82,0,主干路,2017
和平里西街,16,22678.5,79.51,98.7,2.792941,主干路,2017
劲松路,16,24552,76.98,91.14,6.968333,主干路,2017
京通快速路辅路,16,48624,74.73,88.72,0.422,主干路,2017
四环路内环辅路,16,32544,83.4,73.08,25.0112,主干路,2017
四环路外环辅路,16,44698.8,71.78,87.24,0.1182,主干路,2017
土城西侧路,16,65744.4,92.88,82.45,36.07529,主干路,2017
西四南大街,16,56983.2,84.17,79.97,349.0669,主干路,2017
西直门北大街右侧辅路,16,22820.6,94.25,86.97,13.542531,主干路,2017
西直门北大街左侧辅路,16,23245,78.78,68.85,4.4889,主干路,2017
阜安西路,16,12969,83.9,68.07,0.4684,次干路,2017
天坛路,16,9037,91.95,91.1,4.246789,次干路,2017
望京街,16,37593.4,80.01,88.92,0.0584,次干路,2017
安定路,16,42478.2,85.58,91.8,103.137035,主干路,2017
安定门外大街,16,32967.2,88.05,87.57,114.6132431,主干路,2017
安翔北路,16,58399.2,87.31,87.74,44.8915,主干路,2017
白云路,16,60398,84.05,81.02,2.989,主干路,2017
白纸坊东街,16,68054,74.95,79.43,188.8051,主干路,2017
北辰东路,16,36398,78.77,82.28,200.744,主干路,2017
北辰路,16,42411.4,84.54,80.26,0.645,主干路,2017
北辰西路,16,20376,83.75,79.44,3.8132,主干路,2017
北辰西路,16,20742.8,84.53,84.06,51.11868,主干路,2017
北太平庄路,16,36070,79.36,80.76,2.24,主干路,2017
鼓楼外大街,16,53021.2,82.84,73.52,28.152575,主干路,2017
广渠门内大街,16,100362.8,95.97,86.12,0.7723,主干路,2017
广顺北大街,16,15732.2,83.95,87.37,0.0633,主干路,2017
广顺南大街,16,43547,93.91,91.53,81.268074,主干路,2017
红军营南路,16,74403,96.27,91.99,0.1435,主干路,2017
湖光中街,16,73991.5,96.9,91.72,11.36238,主干路,2017
花园东路,16,27428.4,80.5,77.35,1.3506,主干路,2017
化工路北段,16,15917.4,70.51,74.2,19.3501,主干路,2017
化工路南段,16,9926,84.59,79.09,0.2296,主干路,2017
黄康路（黄楼路）,16,18411,80.38,83.24,0.406,主干路,2017
惠新西街,16,23100,82.38,69.94,15.434258,主干路,2017
建国路,16,62056,74.03,76.47,54.033,主干路,2017
建国门内大街,16,63867,74.02,79.34,12.9137,主干路,2017
建国门外大街,16,25444,81.78,68.58,1.9855,主干路,2017
交道口东大街,16,105362.9,79.98,74.03,25.015453,主干路,2017
金顶西街,16,8505.9,87.29,86.38,0.0106,主干路,2017
静安西街,16,59846.4,81.49,82.22,36.7591,主干路,2017
酒仙桥路,16,26938.8,81.93,67.57,365095.8357,主干路,2017
科技大道,16,32341.1,96.09,89.73,96.6226,主干路,2017
莲花池东路右辅路,16,104639.2,83.24,83.7,0.8728,主干路,2017
莲花池东路左辅路,16,24779.3,96.32,88.39,0.095583,主干路,2017
骡马市大街,16,21694.3,98.65,83.84,0.127002,主干路,2017
马家堡东路,16,71911.22,94.15,84.65,9.589905,主干路,2017
茂林居西路（北蜂窝北路）,16,74100.4,95.37,84.67,109.78623,主干路,2017
南磨房路,16,28597.3,97.98,90.51,4.782128,主干路,2017
农大南路,16,49722.12,93.54,91.22,0.195597,主干路,2017
前门东大街,16,6068.2,85.92,91.23,0.447,主干路,2017
青年路,16,164853,86.29,84.73,59.6715,主干路,2017
三环路内环辅路,16,16779,80.36,90.88,69.1069,主干路,2017
三环路外环辅路,16,22318.8,89.63,85.25,633.0798,主干路,2017
四环路内环辅路,16,143179.9,89.63,82.85,247.7309,主干路,2017
四环路外环辅路,16,4309,79.8,78.77,0.0781,主干路,2017
通惠河北路右侧辅路,16,7009,77.18,73.52,2.6016,主干路,2017
通惠河北路左侧辅路,16,17564,67.13,89.2,8.64849,主干路,2017
阜安路（望京新干线）,16,16856.2,87.72,75,0.4209,主干路,2017
温阳路,16,93131,79.44,77.65,249.284,主干路,2017
五四大街,16,12175.6,84.26,84.94,0.2011,主干路,2017
西大望路,16,10632,91.35,88.67,4.722,主干路,2017
西大望路,16,109200,80.98,88.01,108.2323,主干路,2017
西四东大街,16,25726,84.15,79.08,0.1751,主干路,2017
西五环中路（京原路）,16,18088,81.88,84.75,18.872238,主干路,2017
西直门内大街,16,65100,84.77,87.05,123.681397,主干路,2017
香河园路,16,52980,90.04,79.87,2.1628,主干路,2017
姚家园路(姚家园新路）,16,33941,84.02,63.73,1.7405,主干路,2017
樱花园东街,16,7999,92.03,97.7,0.0781,主干路,2017
雍和宫大街,16,20218.2,85.23,71.42,0.8757,主干路,2017
圆明园东路,16,20617,84.37,67.35,1.6796,主干路,2017
张自忠路,16,12003.5,89.57,98.01,3.9706,主干路,2017
志新东路（花园东路）,16,112080,81.44,77.84,0,主干路,2017
中关村东路（清华南路）,16,36650,79.67,66.49,15.3802,主干路,2017
珠市口东大街,16,10765,94.68,78.68,0,主干路,2017
珠市口西大街,16,5891.5,95.75,90.06,0,主干路,2017
北长街,16,13558.5,89.44,88.77,41.0419,次干路,2017
北京站东街,16,44150.2,84.71,86.2,2.4465,次干路,2017
北京站西街,16,33554.7,82.52,83.43,187.621221,次干路,2017
北新华街,16,29449.5,84.98,85.01,53.8082,次干路,2017
长青路,16,25872,84.28,82.25,18.054608,次干路,2017
稻香湖路,16,6883,86.17,82.84,62.7832,次干路,2017
地安门外大街,16,5653.5,86.17,86,0.0232,次干路,2017
东安门大街,16,22755.9,86.17,82.73,0.0344,次干路,2017
东四西大街,16,13573,84.54,88.93,12.1515,次干路,2017
垡头路（垡头南路）,16,12960,84.78,68.45,0.5758,次干路,2017
芳园东路,16,22184,80.81,86.62,23.74126,次干路,2017
府右街,16,23947,84.98,84.57,25.0143,次干路,2017
阜荣街（望京中一街）,16,12420,84.06,85.69,24.8394,次干路,2017
工人体育场南路,16,7163,69.36,80.21,63.2673,次干路,2017
工人体育场南路,16,7563.7,68.56,68.33,50.1787,次干路,2017
工人体育场南路,16,18263.8,77.05,84.23,123.6362,次干路,2017
鼓楼东大街,16,5423.9,76.38,67.81,29.027,次干路,2017
广顺北大街北段,16,81073,85.14,78.94,1.2177,次干路,2017
红军营东路,16,22608,84.62,80.14,26.5776,次干路,2017
金宝街,16,10913,84.82,77.66,0.2171,次干路,2017
金鱼胡同,16,117600,84.68,82.85,187.090832,次干路,2017
景山东街,16,7250,84.06,84.79,17.8835,次干路,2017
景山后街,16,3610.5,92.81,79.63,0.2152,次干路,2017
景山前街,16,21223.8,93.05,83.04,19.070208,次干路,2017
景山西街,16,15695.5,97.27,79.86,0,次干路,2017
来广营东路,16,14172,85.97,67.96,0.5697,次干路,2017
利泽西街,16,24626.8,84.82,77.45,0.1583,次干路,2017
柳芳北街,16,22945,76.17,69.95,58.2325,次干路,2017
槐房西路（马家堡西路南延）,16,37965,81.01,72.44,64.6953,次干路,2017
美术馆东街,16,6721,84.62,89.99,28.0939,次干路,2017
闹市口北街,16,5451,72.59,90.08,25.2699,次干路,2017
香山南路（射击场南路）,16,21006,88.11,83.64,133.326,次干路,2017
王府井大街,1,34747.5,95.24,98.74,1.29132,次干路,2017
西安门大街,1,30635.4,86.95,90.23,0.0253,次干路,2017
姚家园路,1,51657.9,84.49,95.45,0.3693,次干路,2017
月坛北街,1,34658.8,88.81,92.76,0.5488,次干路,2017
月坛南街,1,15826,86.5,90.47,156.86919,次干路,2017
正义路东线,1,15825,82.71,97.31,6.30543,次干路,2017
正义路西线,1,90329,92.04,89.32,12.8139,次干路,2017
中环路,1,90010.1,92.04,96.47,0,次干路,2017
德胜门外大街左侧辅路,1,275236.5,83.75,94.91,1.42847,主干路,2018
东直门内大街,1,283615.3,77.04,91.74,0.489731,主干路,2018
和平里西街,1,20770,90,89.23,0.154452,主干路,2018
劲松路,1,9399.2,96.82,86.51,0.4738,主干路,2018
京开路右辅路,1,22678.5,98.7,87.64,35.967546,主干路,2018
京开路左辅路,1,24552,91.14,84.99,46.535894,主干路,2018
京开路快速路辅路,1,11378.6,100,93.55,2.1881,主干路,2018
京通快速路辅路,1,48624,88.72,94.46,0.0211,主干路,2018
四环内环辅路,1,27723.5,88.55,92.09,71.5711,主干路,2018
四环外环辅路,1,95399,76.08,84.95,0,主干路,2018
土城西侧路,1,32544,73.08,88.45,0.0253,主干路,2018
西四南大街,1,44698.8,87.24,93.91,0.4431,主干路,2018
西直门北大街右侧辅路,1,43811.1,88.26,94.65,3.6936,主干路,2018
西直门北大街左侧辅路,2,26564.5,97.92,97.85,4.0633,主干路,2018
新街口南大街,2,20427,86,92.97,0.7258,主干路,2018
阜安西路,2,34800,89.15,86.93,3.7016,次干路,2018
和平里东街,2,144392,93.58,96.54,0.1287,次干路,2018
后厂村路（东北旺北路）,2,143726.61,84.2,95.3,58.25615,主干路,2018
天坛路,2,148102,79.23,89.99,1.7237,次干路,2018
望京街,2,24186,99.57,96.44,0,次干路,2018
香山路,2,5130,99.57,93.65,0.8925,次干路,2018
德胜门外大街右侧辅路,2,14829,100,82.34,2.7367,主干路,2018
虎坊路,2,8700,91.61,91.85,8.3171,主干路,2018
来广营西路,2,17748,91.92,86.23,0.0359,主干路,2018
石景山路,2,15060,92.88,92.01,0.0422,主干路,2018
四环路内环辅路,2,7142.5,98.99,88.8,0.7765,主干路,2018
四环路外环辅路,2,20227.1,92.4,89.34,0.0211,主干路,2018
西单北大街,2,7410.8,98.13,84.21,0.6647,主干路,2018
西单北大街,2,14941,93.77,88.29,1.4207,主干路,2018
西单北大街,3,16595,94.74,82.99,30.7519,主干路,2018
西单北大街,3,104131.6,99.15,95.98,12.250258,主干路,2018
西四北大街,3,24174,96.65,92.22,8.5745,主干路,2018
北池子大街,3,47384.6,92.03,86.69,0.3798,次干路,2018
北河沿北大街,3,63277.793,71.5,90.49,1.42883,次干路,2018
北河沿南大街,3,38682.1,75.64,90.02,1.891193,次干路,2018
地安门内大街,3,96949.1,85.76,89.53,1.048037,次干路,2018
鼓楼西大街,3,48009.9,87.18,86.5,28.331475,次干路,2018
旧鼓楼大街,3,84878.9,85.66,83.42,0.366296,次干路,2018
南河沿大街,3,42032.7,87.16,93.57,0.409551,次干路,2018
牛街,3,14770,94.35,97.5,1.07469,主干路,2018
G6辅路（八达岭左侧辅路）,3,78489,98.8,94.37,12.3001,主干路,2018
长椿街,3,28240,99.42,95.18,0.1033,主干路,2018
京通快速路辅路,3,84052,98.44,93.49,9.5215,主干路,2018
莲花池西路右侧辅路,3,8130.3,91.96,91.84,127.1196,主干路,2018
莲花池西路左侧辅路,3,37142,99.43,99.1,0,主干路,2018
三环路内环辅路（劲松桥-赵公口桥）,4,20811.5,95.17,86.99,12.05532,主干路,2018
三环路内环辅路（丽泽桥-莲花桥）,4,136009,84.94,87.42,25.652175,主干路,2018
三环路外环辅路（劲松桥-赵公口桥）,4,21272.9,88.77,90.65,5.0146,主干路,2018
三环路外环辅路（丽泽桥-莲花桥）,4,79139,84.09,87.51,58.158843,主干路,2018
西土城路,4,77435.4,85.86,88.23,2.134476,主干路,2018
知春路,4,67368.8,83.69,88.99,1.278449,主干路,2018
建材城东路,4,69286.1,84.01,87.35,6.638871,次干路,2018
建材城西路,4,67794.6,85.8,86.37,4.387697,次干路,2018
南池子大街,4,58981.3,83.76,86.35,5.448324,次干路,2018
望京东路,4,74880,83.84,85.26,3.3948,主干路,2018
北蜂窝路,4,21943,85.71,85.86,120.8759,主干路,2018
朝阳路,4,69732,90.04,88.61,18.00591,主干路,2018
光明路,4,35247,90.57,85.29,301.5095,主干路,2018
三环路内环辅路（蓟门桥-安贞桥）,4,16725.3,78.78,88.91,175.9352,主干路,2018
三环路内环辅路（赵公口桥-玉泉营桥）,5,159643,96.72,87.12,54.7354,主干路,2018
三环路内环辅路（玉泉营桥-丽泽桥）,5,98343,86.37,84.97,41.904167,主干路,2018
三环路外环辅路（蓟门桥-安贞桥）,5,86099.2,86.43,81.49,10.161322,主干路,2018
三环路外环辅路（赵公口桥-玉泉营桥）,5,5700,82.61,79.11,0.3924,主干路,2018
三环路外环辅路（玉泉营桥-丽泽桥）,5,38643.82,84.01,85.12,18.81298,主干路,2018
上地西路,5,22773,96.93,91.77,0.0211,主干路,2018
体育馆路,5,62746,84.02,84.78,1.4284,主干路,2018
望京北路,6,69851.5,90.55,88.16,28.3175,主干路,2018
新街口外大街,6,64561.7,87.9,85.62,1.8979,主干路,2018
美术馆后街,6,60235.9,81.33,83.29,8.1237,次干路,2018
阜成路,6,87091.1,81.33,68.33,7.9486,主干路,2018
三环路内环辅路（紫竹院桥-蓟门桥）,6,97916.4,86.08,88.94,410.020285,主干路,2018
三环路外环辅路（紫竹院桥-蓟门桥）,6,88075,85.05,87.06,3.720985,主干路,2018
杨庄大街,6,77109.6,84.66,84.22,0.489309,主干路,2018
卢沟桥南路,6,57614,90.41,86.75,16.0377,主干路,2018
后八家路（八家南北线）,6,10986,93.19,95.5,0.9073,主干路,2018
西三旗东路,6,27816,80.71,94.28,141.667,主干路,2018
菜市口大街,7,34381.3,86.53,83.53,83.467871,主干路,2018
工人体育场北路,7,30100.8,86.71,81.29,5.508606,主干路,2018
G1辅路（京沈高速右辅路）,7,39356.5,84.24,84.07,98.9359,主干路,2018
G1辅路（京沈高速左辅路）,7,50252.1,83.18,86.46,9.0506,主干路,2018
石门路,7,18256.4,81.31,83.96,127.8789,主干路,2018
三环路内环辅路（安贞桥-燕莎桥）,8,468646.3,88.31,84.18,682.794042,主干路,2018
三环路外环辅路（安贞桥-燕莎桥）,8,870062,88.7,89.45,222.7116,主干路,2018
信息路,8,21742,81.1,85.04,89.9125,主干路,2018
台基厂大街,8,30984,84.11,77.34,119.5891,支路,2018
阜成门内大街,8,16694.5,81.23,78.24,173.9257,主干路,2018
三环路内环辅路（航天桥-紫竹院桥）,8,118126.4,88.27,85.19,53.9021,主干路,2018
三环路外环辅路（航天桥-紫竹院桥）,8,12975,83.05,75.35,50.1806,主干路,2018
三里河东路,8,14310.1,85.45,88.61,5.945084,主干路,2018
新东路,8,41195.6,83.94,84.95,21.316816,主干路,2018
安定门内大街,8,12528.4,82.44,82.8,14.913337,次干路,2018
阜石路辅路,8,36066.7,86.2,82.86,22.663772,主干路,2018
阜石路辅路,8,207217,86.16,86.68,5.2929,主干路,2018
阜石路辅路,8,45360.6,84.88,82.28,0.6752,主干路,2018
二环路（建国门桥-建国门桥）,8,28312.8,84.12,83.48,0.1382,主干路,2018
东单北大街,8,208107,87.64,88.18,259.7706,主干路,2018
东四北大街,8,71308.9,73.28,78.55,11.182784,主干路,2018
东四南大街,9,33086,83.28,81.78,0.9803,主干路,2018
二环路外环辅路（小街桥-西便门桥）,9,87205.5,93.4,88.7,81.0723,主干路,2018
酒仙桥南路,9,10658,85.39,99.53,1.3715,主干路,2018
三环路内环辅路（燕莎桥-农展桥）,9,108806,92.88,88.77,1.6416,主干路,2018
三环路内环辅路（光华桥-劲松桥）,9,50653.8,87.77,85.67,144.1865,主干路,2018
三环路外环辅路（燕莎桥-农展桥）,9,164380,83.08,80.56,158.55413,主干路,2018
三环路外环辅路（光华桥-劲松桥）,9,40080,88.7,85.64,6.489146,主干路,2018
金榆路（温榆河大道）,9,84760,87.13,81.23,32.9763,主干路,2018
金榆路（温榆河大道）,9,13692.5,87.6,84.81,1.8568,主干路,2018
康营东路（温榆河大道）,10,20249.2982,88.8,75.8,72.1234,主干路,2018
榴乡路（蒲黄榆路）,10,20268,100,100,1.292,主干路,2018
杏石口路,10,377708.22,82.67,90.99,248.569448,主干路,2018
北苑路北段,10,389206.5,87.1,97.76,402.057223,主干路,2018
东长安街,10,8744.5,83.29,88.72,11.8981,主干路,2018
手帕口北街,10,14269.9,100,84.34,0,主干路,2018
西长安街,10,242814.25,84.04,90.96,132.413782,主干路,2018
北湖渠路(鼎成路),10,57460.55,90.48,89.74,4.50201,主干路,2018
成寿寺路,10,72843.282,88.4,87.71,11.765937,主干路,2018
万寿路,10,12301.98,85.09,84.28,0,主干路,2018
望京西路,10,83082.81,93.77,84.34,58.526524,次干路,2018
永定路,10,141018.2,87.83,87.77,51.913609,次干路,2018
北辰路,10,169285.72,87.92,88.03,82.9077,主干路,2018
前门大街,10,63039.4,98.54,86.27,25.7326,主干路,2018
四环内环辅路（正阳桥-惠新东桥）,10,64400,83.82,83.13,25.766,主干路,2018
四环外环辅路（正阳桥-惠新东桥）,10,115053.14,88.43,91.22,63.531273,主干路,2018
东华门大街,10,271131.73,85.59,86,79.534242,次干路,2018
香山路,10,29103,86.71,88.65,4.775388,次干路,2018
安立路,10,82599,99.12,90.74,5.235368,主干路,2018
安立路,10,82351.8,81.5,86.62,53.002983,主干路,2018
奥林西路,10,144684.05,76.17,85.2,5.3747,主干路,2018
北辰东路,10,23324,88.51,80.7,0.5338,主干路,2018
北辰桥改造道路,10,36406.4,88.7,86.38,0.711,主干路,2018
北辰西路,10,57151.5,81.82,85.5,65.52656,主干路,2018
北辰西路,10,38815.18,84.5,81.48,163.003575,主干路,2018
北土城东路,10,66248,86.29,88.01,36.5032,主干路,2018
大屯路,10,130225.25,75.95,79.06,4.80039,主干路,2018
高梁桥路,11,32927.1,84.8,91.1,231.5453,主干路,2018
和平里北街,11,34010,70.34,83.16,582.1211,主干路,2018
慧忠路,11,61987,92.36,86.31,29.7988,主干路,2018
机场二通道辅路,11,28800,84.48,89.67,0.691,主干路,2018
姜庄路,11,54746,77.51,82.64,21.7102,主干路,2018
康辛路,11,65126.4,83.17,87.83,92.1912,主干路,2018
黑泉路（林萃路）,11,36000,69.58,80.34,28.995572,主干路,2018
马连洼北路,11,67160,89.24,84.22,129.824,主干路,2018
陶然亭路,11,26725.2,85.24,88.21,1.2502,主干路,2018
万寿路,11,90833.5,68.88,98.78,131.49,主干路,2018
北京西站南路(西客站南路),11,49784,75.25,85.62,296.6463,主干路,2018
小营西路,11,20521.9,84.65,68.39,1.8135,主干路,2018
永定门内大街,11,45043,99.48,91.66,50.2901,主干路,2018
张仪村路,11,38376,80.56,95.94,20.44295,主干路,2018
崇文门内大街,11,24810.3,86.08,84.3,32.291633,主干路,2018
地安门东大街,11,52687,80.94,85.31,39.733595,主干路,2018
地安门西大街,11,21721.4,82.88,84.68,15.949797,主干路,2018
东大桥路,11,46127,84.18,83.7,70.21516,主干路,2018
东四十条,11,31120,84.14,83.76,2.6734,主干路,2018
东直门外大街,11,14882.9,31.06,85.72,361.1439,主干路,2018
丰葆路,11,20252,86.68,82.25,35.4539,主干路,2018
阜成门外大街,11,80467.9,86.43,83.98,60.7475,主干路,2018
工人体育场东路,11,20676.6,84.87,83.93,0.5423,主干路,2018
广安门内大街,11,11328,85.01,80.97,18.578,主干路,2018
广安门外大街,11,52912,87.15,90.46,2.071104,主干路,2018
惠新东街,11,58939.4,92.28,88.49,3.5075,主干路,2018
平安里西大街,11,90620,89.92,87.64,149.82346,主干路,2018
蒲黄榆路,11,27633.8,81.09,81.81,29.64204,主干路,2018
三环路内环辅路（新兴桥-航天桥）,11,47514,87.77,83.49,11.56081,主干路,2018
三环路内环辅路（农展桥-光华桥）,11,14820,89.28,89.63,3.675,主干路,2018
三环路外环辅路（新兴桥-航天桥）,11,36918.72,98.74,97.95,16.830994,主干路,2018
三环路内环辅路（农展桥-光华桥）,11,111047.5,77.23,83.96,1.950484,主干路,2018
太平街,11,79548.97,89.33,85.39,135.331,主干路,2018
天桥南大街,11,73814.5,94.8,91.06,24.313774,主干路,2018
文津街,11,168837.4,94.24,90.94,29.829061,主干路,2018
学院南路,11,31549,83.85,80.3,10.1824,主干路,2018
樱花园西街,11,57396.5,82.77,88.21,25.4503,主干路,2018
展览馆路,11,60807.5,92.76,82.52,2.4925,主干路,2018
中关村北大街,11,34094.63,89.89,83.98,1.391123,主干路,2018
中关村大街,12,17344.1,88.8,76.19,0.5463,主干路,2018
中关村南大街,12,12530,83.14,84.39,0.3819,主干路,2018
羊坊店路,12,37538.5,86.66,89.36,3.1448,次干路,2018
周口店路,12,43232,76.44,85.34,101.7059,次干路,2018
安翔北路,12,4060,83.46,93.18,13.7574,主干路,2018
动物园路,12,147671.2,78.68,78.38,6.5501,主干路,2018
黑泉路（林萃路）,12,31856.2,82.87,86.2,1.0582,主干路,2018
红坊路,12,123742.9,82.49,85.52,3.7917,主干路,2018
蓝靛厂北路,12,52439,87.57,80.9,70.2468,主干路,2018
蓝靛厂南路,12,27074.2,86.6,84.37,126.3994,主干路,2018
南新华街,12,8136,90.45,88.36,1.0318,主干路,2018
清华东路,12,21165,95.6,100,0.6246,主干路,2018
上庄大街,12,41661.1,89.5,85.26,43.9429,主干路,2018
辛店路（辛店村路东延）,12,64748,79.57,86.78,185.6876,主干路,2018
北辰路,12,83293,82.72,83.4,2.245,主干路,2018
北京站前街,12,59296,86.15,82.63,23.3,主干路,2018
崇文门东大街,12,30857,82.26,80.11,78.7357,主干路,2018
崇文门外大街,12,16577,82.54,78.45,1.7692,主干路,2018
东蒲立交道路,12,30698,82.68,89.54,16.4969,主干路,2018
东苇路,12,19717.8,84.97,83.17,53.31439,主干路,2018
东苇路（温榆河大道）,12,49568,85.18,85.58,23.2649,主干路,2018
机场辅路,12,39434.5,88.62,91.99,2.39571,主干路,2018
亮马桥路,12,41524.1,95.29,86.86,162.8409,主干路,2018
农展馆南路,12,23384,88.1,87.36,17.0248,主干路,2018
前门箭环路,12,9813,82.97,85.41,0.1055,主干路,2018
人民大会堂西侧路,12,10898.6,81.96,73.82,0.3798,次干路,2018
太阳宫南街（北土城东路东延）,12,259200,84.63,92.17,96.198508,主干路,2018
天坛东路,12,105847,84.4,82.59,23.00366,主干路,2018
杏石口路,12,63478,83.17,95.57,1.9043,主干路,2018
永定门外大街,12,43960.1,82.45,85.19,0.1707,主干路,2018
右安门内大街,12,92646.2,86.22,91.77,11.6137554,主干路,2018
北纬路,12,44090,85.21,88.31,35.0466,次干路,2018
方庄路,12,50940,85.61,82.38,8.6816,次干路,2018
芳古路,12,33134.2,80.85,84.25,51.7248,次干路,2018
京原路,12,19596,79.11,84.59,42.2627,次干路,2018
卢沟桥路,12,33910,90.46,86.44,0.9532,次干路,2018
苏州街路,12,116272,89.32,82.19,6.04653,次干路,2018
新源南路,12,36132,78.47,84.51,5.85088,次干路,2018
中阿公社路1,13,27311,88.36,92.56,0.292785,次干路,2018
中阿公社路2,13,65843,82.7,82.35,690.78892,次干路,2018
朝阳路,13,85221,78.88,85.75,18.22748,主干路,2018
广渠路,13,112338,73.05,81.34,12.27417,主干路,2018
广渠门外大街,13,50385,78.29,86.1,55.0252,主干路,2018
惠新西街,13,70855,83.93,90.71,30.81323,主干路,2018
科荟路,13,334809,81.16,86.57,464.508632,主干路,2018
松榆南路,13,25356,82.35,81.98,0,主干路,2018
太平桥大街,13,131270,91.29,87.34,97.72007,主干路,2018
西大望路,13,34475,91.57,91.77,0.9974,主干路,2018
石板房南路（辛店村路西延）,14,21450,88.3,79.98,335.833216,主干路,2018
赵登禹路,14,23597,84.85,85.8,10.237461,主干路,2018
南大红门路,14,23521,89.37,80.6,11.527492,次干路,2018
南苑东路,14,55594,77.5,90.23,85.81629,次干路,2018
奥林东路,14,83490,80.98,70.74,432.38003,主干路,2018
朝阳路,14,142458,75.13,81.06,62.042142,主干路,2018
旱河路,15,27851,72.31,73.81,48.28689,主干路,2018
玲珑路,15,402177,86.33,86.16,614.4248,主干路,2018
鲁谷东路,15,57311,82.31,84.93,76.786,主干路,2018
马家堡西路,15,67535,76.51,88.92,50.683398,主干路,2018
南苑路,15,52994,92.29,85.69,13.227283,主干路,2018
宣武门内大街,15,49510,81.84,84.4,4.984084,主干路,2018
玉泉路,15,70669,71.99,86.59,82.669646,主干路,2018
皂君庙路,15,69303.3,92.95,82.6,41.937718,主干路,2018
京承联络线主路,15,18273.5,87.98,85.08,68.0727,快速路,2018
京承路右侧辅路,15,28968,84.59,83.88,0.12871,主干路,2018
京承路左侧辅路,15,21578,92.45,89.11,0.0795,主干路,2018
开阳路,15,37084,75.86,79.29,184.382,主干路,2018
小屯路,16,143561,91.84,88.41,60.65215,主干路,2018
永丰路,16,65744.4,82.45,91.38,74.3813,主干路,2018
白纸坊西街,16,56983.2,79.97,91.17,164.0215,主干路,2018
朝阳北路,16,28272.3,81.8,86.33,4.4376,主干路,2018
首体南路,16,40187.7,89.69,83.05,15.3563,主干路,2018
万丰路,16,22820.6,86.97,95.13,4.390124,主干路,2018
万泉河路右侧辅路,16,23245,68.85,70.59,26.4372,主干路,2018
万泉河路右侧辅路,16,12969,68.07,69.38,34.4235,主干路,2018
万泉河路左侧辅路,16,9037,91.1,88.17,1.184976,主干路,2018
万泉河路左侧辅路,16,37593.4,88.92,76.19,1.1476,主干路,2018
圆明园西路,16,42478.2,91.8,83.21,108.6331,主干路,2018
紫竹院路（紫竹桥东-车道沟桥）,16,440226.3,81.43,82.38,27.3459,主干路,2018
紫竹院路左侧辅路,16,32967.2,87.57,89.98,11.9057,主干路,2018
东南五环南侧路,16,112400,96.48,95.08,0.4221,次干路,2018
荷清路（大石桥道路）,16,34028,70.59,95.19,0,次干路,2018
西二旗北路（东北旺北路东段）,16,57420.3,84.52,82.54,1.4361,次干路,2018
莲花池东路,16,9920.2,83.93,84.34,12.1914,快速路,2018
安定路,16,15289.5,67.05,68.86,12.87688,主干路,2018
安定门外大街,16,14239.5,66.96,71.01,3.37259,主干路,2018
安宁庄东路1,16,41702,81.11,85.46,89.7485,主干路,2018
安宁庄东路2,16,20532,79.85,85.46,52.9951,主干路,2018
安翔北路,16,25839.7,86.18,86.86,1.5234,主干路,2018
白云路,16,45576,73.33,72.23,131.5727,主干路,2018
白纸坊东街,16,61099,74.56,66.54,60.732659,主干路,2018
北辰东路,16,16935,84.75,88.33,16.8844,主干路,2018
北辰路,16,36480,74.94,85.03,91.33624,主干路,2018
北辰西路,16,94500,80.8,84.62,0.98959,主干路,2018
北辰西路,16,3660,93.38,100,0,主干路,2018
北清路,16,12328.5,89.32,96.74,0.07174,主干路,2018
北太平庄路,16,12657.4,84.11,85.97,69.5192,主干路,2018
北土城西路,16,202331.3,82.2,88.28,236.5964,主干路,2018
北辛安路,16,52804.29,93.19,89.87,51.99995,主干路,2018
北苑东路,16,48751.22,86.18,85.56,2.309184,主干路,2018
北苑路北段,16,16775,69.34,85.67,157.28624,主干路,2018
菜户营南路右辅路,16,29327,77.69,89.6,93.1412,主干路,2018
菜户营南路左辅路,16,56649.8,81.37,80.89,78.8135,主干路,2018
朝阳公园南路,16,159394.5,97.91,96.85,26.9,主干路,2018
朝阳门内大街,16,75870,95.97,88.82,18.7034,主干路,2018
朝阳门外大街,16,58921,93.02,92.04,35.6461,主干路,2018
车公庄大街,16,58399.2,87.74,81.19,223.063,主干路,2018
车公庄西路,16,17850.1,82.74,85.76,1.28921,主干路,2018
崇文门西大街,16,22890,96.74,100,251.859,主干路,2018
长春桥路,16,60398,81.02,72.08,15.7909,主干路,2018
大灰厂路,16,68054,79.43,92.26,148.3824,主干路,2018
东北城角联络线右侧辅路,16,36398,82.28,90.22,0,主干路,2018
东北城角联络线左侧辅路,16,42411.4,80.26,85.1,3.1633,主干路,2018
东直门外斜街,16,20376,79.44,80.13,0.8851,主干路,2018
二环路内环辅路,16,20742.8,84.06,84.87,1.7901,主干路,2018
丰北路右侧辅路,16,36070,80.78,70.63,6.9103,主干路,2018
丰北路左侧辅路,16,53021.2,73.52,68.6,21.6655,主干路,2018
东大街（丰台东大街）,16,100362.8,86.12,89.15,1.4852,主干路,2018
阜通东大街,16,15732.2,87.37,92.09,0.2785,主干路,2018
阜通西大街,16,43547,91.53,87.3,19.3083,主干路,2018
复兴路,16,74403,91.99,91.26,0.2469,主干路,2018
复兴门内大街,16,73991.5,91.72,90.7,0.9031,主干路,2018
复兴门外大街,16,27428.4,77.35,89.17,70.6109,主干路,2018
鼓楼外大街,16,15917.4,74.2,71.13,28.857668,主干路,2018
广安路,16,21322.7,88.73,92.9,1.34829,主干路,2018
广场西侧路,16,15157,75.01,79.96,0.79969,主干路,2018
广渠门内大街,16,9662,79.09,80.95,67.5663,主干路,2018
广顺北大街,16,18411,83.24,85.06,0.7934,主干路,2018
广顺南大街,16,23100,69.94,72.12,8.89114,主干路,2018
红军营南路,16,62056,76.47,85.2,8.4831,主干路,2018
湖光中街,16,63867,79.34,85.12,7.7902,主干路,2018
花园东路,16,37230.307,69.23,85.79,2.143367,主干路,2018
化工路北段,16,22759.1,76.35,87.96,1.891193,主干路,2018
化工路南段,16,18365,90.69,87.06,0.0265,主干路,2018
黄康路（黄楼路）,16,25444,68.58,100,3.528583,主干路,2018
惠新西街,16,105362.9,74.03,79.68,367.885028,主干路,2018
建国路,16,8505.9,86.38,76.84,14.3222,主干路,2018
建国门内大街,16,46400,84.7,77.39,0.21733,主干路,2018
建国门外大街,16,59846.4,82.22,76.13,95.416,主干路,2018
交道口东大街,16,26938.8,67.57,69.06,106.266672,主干路,2018
金顶西街,16,32341.1,89.73,86.07,38.4986,主干路,2018
G4辅路（京石右侧辅路）,16,25787.5,86.22,89.98,8.2582,主干路,2018
G4辅路（京石左侧辅路）,16,104639.2,83.7,83.48,156.3082,主干路,2018
静安西街,16,8020,98,86.68,0.1709,主干路,2018
酒仙桥路,16,24779.3,88.39,84.26,35.304326,主干路,2018
科技大道,16,21694.3,83.84,89.37,3.478638,主干路,2018
莲花池东路右辅路,16,30512.1,81.84,88.42,108.0186,主干路,2018
莲花池东路左辅路,16,35528.8,85.89,81.05,0.1583,主干路,2018
莲花池西路右侧辅路,16,71911.22,84.65,92.57,22.421784,主干路,2018
莲花池西路左侧辅路,16,74100.4,84.67,93.87,8.719598,主干路,2018
鲁谷东街（北段）,16,28597.3,90.51,84.06,2.538836,主干路,2018
骡马市大街,16,49722.12,91.22,83.45,0.397102,主干路,2018
马家堡东路,16,6068.2,91.23,89.64,0.0633,主干路,2018
茂林居西路（北蜂窝北路）,16,8372.3,93.07,85.21,6.6402,主干路,2018
南宫南路,16,164853,84.73,86.42,36.47598,主干路,2018
南磨房路,16,80952,87.28,88.36,1.044,主干路,2018
农大南路,16,16779,90.88,84.38,65.4687,主干路,2018
前门东大街,16,22318.8,85.25,84.25,11.7997,主干路,2018
前门西大街,16,143179.9,82.85,80.65,309.3559,主干路,2018
青年路,16,4309,78.77,83.73,0.422,主干路,2018
人民大会堂南侧路,16,7009,73.52,87.26,133.5026,主干路,2018
三环路内环辅路,16,17564,89.2,70.21,172.810865,主干路,2018
三环路外环辅路,16,31555,68.57,86.29,40.791325,主干路,2018
三里河路,16,36612.25,70.57,88.03,76.238639,主干路,2018
双龙路,16,16856.2,75,78.92,167.9847,主干路,2018
四环路内环辅路,16,31121.7,79.34,84.73,3.2473,主干路,2018
四环路外环辅路,16,11773,80.77,82.94,0.4464,主干路,2018
通惠河北路右侧辅路,16,13840,95.84,87.97,87.34901,主干路,2018
通惠河北路左侧辅路,16,13841,95.63,93.36,51.91012,主干路,2018
阜安路（望京新干线）,16,7261,86.92,88.27,3.8128,主干路,2018
魏公村路,16,38938.7,89.73,90.15,30.8766,主干路,2018
温阳路,16,20287.5,91.74,87.76,8.6908,主干路,2018
五环路辅路,16,35310,81.39,83.91,408.6498,主干路,2018
五四大街,16,38933.9,77.35,85.39,9.8532,主干路,2018
西大望路,16,88297.2,93.63,88.44,10.72316,主干路,2018
西大望路,16,27637.7,94.3,94.16,21.216104,主干路,2018
西四东大街,16,9518,93.81,91.08,0.021522,主干路,2018
西五环中路（京原路）,16,15000,82.12,81.83,1.373196,主干路,2018
西直门内大街,16,93131,77.65,76.06,210.37,主干路,2018
西直门外大街右侧辅路,16,12376.2,92.5,80.81,0,主干路,2018
西直门外大街左侧辅路,16,12175.6,84.94,89.35,0.5739,主干路,2018
香河园路,16,10632,88.67,87.39,93.5302,主干路,2018
霄云路,16,7956,100,90.72,83.82513,主干路,2018
小府路,16,109200,88.01,86.08,51.521742,主干路,2018
新街口北大街,16,41920,67.4,68.2,12.615074,主干路,2018
新康路,16,13584,88.26,82.75,141.7294,主干路,2018
信息路,16,15408,94.27,84.56,2.846,主干路,2018
星火西路,16,25726,79.08,87.88,1.681,主干路,2018
宣武门东大街,16,18088,84.75,79.42,0.6583,主干路,2018
宣武门外大街,16,65100,87.05,87.58,102.894772,主干路,2018
宣武门西大街,16,52980,79.87,68.06,4.5638,主干路,2018
学清路,16,33941,63.73,97.28,5.736393,主干路,2018
学院路,16,17517,90.1,83.06,109.364347,主干路,2018
学院路,16,7999,97.7,93.47,0.621,快速路,2018
学院路右侧辅路,16,20218.2,71.42,76.16,31.4916,主干路,2018
学院路左侧辅路,16,20617,67.35,69.52,7.4205,主干路,2018
姚家园路(姚家园新路）,16,16108,78.81,81.53,38.372111,主干路,2018
颐和园路,16,12003.5,98.01,91.15,37.93298,主干路,2018
樱花园东街,16,112080,77.84,77.06,192.56025,主干路,2018
雍和宫大街,16,36650,66.49,99.46,15.3232,主干路,2018
裕民中路,16,10765,78.68,81.83,0.2912,主干路,2018
圆明园东路,16,5891.5,90.06,89.96,0.2897,主干路,2018
远大路,16,13558.5,88.77,92.83,3.9141,主干路,2018
展览馆路,16,5957,85.56,82.64,0.15192,主干路,2018
展览馆路,16,44150.2,86.2,88.3,0.7258,主干路,2018
张自忠路,16,33554.7,83.43,83.68,3.4165,主干路,2018
志新东路（花园东路）,16,29449.5,85.01,87.56,16.8228,主干路,2018
中关村东路（清华南路）,16,25872,82.25,87.58,104.5942,主干路,2018
珠市口东大街,16,6883,82.84,87.06,2.6231,主干路,2018
珠市口西大街,16,5653.5,86,88,0.1245,主干路,2018
紫竹院路右侧辅路,16,22755.9,82.73,86.58,140.6045,主干路,2018
北长街,16,13573,88.93,80.09,169.4208,次干路,2018
北京站东街,16,23470,89.76,88.39,0,次干路,2018
北京站西街,16,129600,68.45,98.44,0,次干路,2018
北坞村路,16,22184,86.62,92.29,3.7881,次干路,2018
北新华街,16,17186,82.9,91.83,164.7248,次干路,2018
长青路,16,23947,84.57,93.51,59.824,次干路,2018
稻香湖路,16,12420,85.09,90.89,21.6558,次干路,2018
地安门外大街,16,7163,80.21,99.86,24.3223,次干路,2018
东安门大街,16,7563.7,68.33,100,9.892209,次干路,2018
东四西大街,16,18263.8,84.23,86.46,63.14257,次干路,2018
大灰厂东路（杜家坎铁路立交）,16,5423.9,67.81,100,7.583635,次干路,2018
垡头路（垡头南路）,16,81073,78.94,82.96,15.4403,次干路,2018
芳园西路,16,22608,80.14,90.17,0.6182,次干路,2018
府右街,16,10913,77.06,86.89,54.7142,次干路,2018
阜荣街（望京中一街）,16,117600,82.85,82.02,216.487476,次干路,2018
工人体育场南路1,16,7250,84.79,89.95,63.0474,次干路,2018
工人体育场南路2,16,45844,84.62,84.03,48.738408,次干路,2018
工人体育场南路3,16,8214,95.63,96.2,0.1519,次干路,2018
鼓楼东大街,16,3610.5,79.63,86.99,0.3861,次干路,2018
广场东侧路,16,29120,99.28,92.9,111.5606,次干路,2018
广顺北大街北段,16,4200.2,95.09,79.95,57.3419,次干路,2018
红军营东路,16,21223.8,83.04,88.2,17.793822,次干路,2018
交道口南大街,16,36298,86.97,84.76,70.6557,次干路,2018
金宝街,16,16701,77.03,66.4,33.97209,次干路,2018
金鱼胡同,16,15695.5,79.86,80.83,0,次干路,2018
景山东街,16,14172,67.96,99.62,0.9685,次干路,2018
景山后街,16,24626.8,77.45,86.36,0.5613,次干路,2018
景山前街,16,22945,69.95,69.58,12.156294,次干路,2018
景山西街,16,37965,72.44,71.33,38.548,次干路,2018
来广营东路,16,6721,89.99,84.82,6.7087,次干路,2018
利泽西街,16,5451,90.08,85.65,4.572,次干路,2018
柳芳北街,16,21006,83.64,83.21,2.35486,次干路,2018
槐房西路（马家堡西路南延）,2,34747.5,98.74,95.78,0,次干路,2018
美术馆东街,2,30635.4,90.23,87.6,0.3777,次干路,2018
闵庄路,2,51657.9,95.45,93.76,0.1118,次干路,2018
南长街,2,34658.8,92.76,94.46,0.7121,次干路,2018
闹市口北街,2,15826,90.47,95.85,15.0167,次干路,2018
闹市口南街,2,15825,97.31,93.99,63.2468,次干路,2018
西局北街（人民村南路）,2,90329,89.32,97.64,4.1483,次干路,2018
香山南路（射击场南路）,2,90010.1,96.47,99.31,4.3156,次干路,2018
太阳宫中路,2,275236.5,94.91,81.08,1.213883,次干路,2018
田村路,2,283615.3,91.74,82.01,0.727268,次干路,2018
王府井大街,2,20770,89.23,96.8,0.0211,次干路,2018
西安门大街,2,9399.2,86.51,89.66,0.0865,次干路,2018
姚家园路,2,22678.5,87.64,95.64,4.064598,次干路,2018
月坛北街,2,24552,84.99,96.6,0.764453,次干路,2018
月坛南街,2,11378.6,93.55,89.21,0,次干路,2018
正义路东线,2,48624,94.46,94.38,0.1055,次干路,2018
正义路西线,2,27723.5,92.09,93.26,0.1182,次干路,2018
中环路,2,95399,84.95,96.18,0.39246,次干路,2018
德胜门外大街左侧辅路,2,32544,88.45,94.16,13.0218,主干路,2019
东直门内大街,2,44698.8,93.91,93.52,207.3965,主干路,2019
和平里西街,2,43811.1,94.65,91.13,2.39696,主干路,2019
劲松路,3,26564.5,97.85,94.04,0,主干路,2019
京开路右辅路,3,20427,92.97,88.76,0.0106,主干路,2019
京开路左辅路,3,34800,86.93,91.11,2.7841,主干路,2019
京通快速路辅路,3,144392,96.54,93.61,0.46,主干路,2019
京通快速路辅路,3,143726.61,95.3,91.28,3.1221,主干路,2019
四环路内环辅路,3,148102,89.99,91.23,3.5614,主干路,2019
四环路外环辅路,3,5130,93.65,87.58,0.0211,主干路,2019
土城西侧路,3,14829,82.34,84.48,0.9094,主干路,2019
西四南大街,3,8700,91.85,97.25,0.1625,主干路,2019
西直门北大街右侧辅路,3,17748,86.23,89.08,0.2388,主干路,2019
西直门北大街左侧辅路,3,15060,92.01,91.87,2.58775,主干路,2019
新街口南大街,3,7142.5,88.8,86.73,0.8735,主干路,2019
阜安西路,3,20227.1,89.34,86.31,0.2279,次干路,2019
和平里东街,3,7410.8,84.21,91.97,0.0633,次干路,2019
后厂村路（东北旺北路）,3,14941,88.29,93.61,9.2813,主干路,2019
天坛路,4,104131.6,95.98,96.25,19.66542,次干路,2019
望京街,4,24174,92.22,91.95,141.5303,次干路,2019
香山路,4,47384.6,86.69,91.87,2.429982,次干路,2019
德胜门外大街右侧辅路,4,47217.3,91.57,93.75,2.370582,主干路,2019
虎坊路,4,63277.793,90.49,91.55,2.92271,主干路,2019
来广营西路,4,38682.1,90.02,91.54,1.9017,主干路,2019
石景山路,4,16595,82.99,82.57,3.4947,主干路,2019
四环路内环辅路,4,96949.1,89.53,91.54,1.046055,主干路,2019
四环路外环辅路,4,48009.9,86.5,94.2,1.659374,主干路,2019
西单北大街,4,84878.9,83.42,88.97,1.537424,主干路,2019
西单北大街,4,42032.7,93.57,97.26,1.457166,主干路,2019
西四北大街,4,14770,97.5,95.68,0.00422,主干路,2019
北池子大街,4,78489,94.37,93.17,0.92207,次干路,2019
北河沿北大街,4,28240,95.18,99.15,0.51062,次干路,2019
北河沿南大街,4,84052,93.49,95.49,1.477,次干路,2019
地安门内大街,4,8130.3,91.84,94.09,0.1329,次干路,2019
鼓楼西大街,4,37142,99.1,97.73,0,次干路,2019
旧鼓楼大街,5,20811.5,86.99,89.32,1.25967,次干路,2019
南河沿大街,5,136009,87.42,83.47,9.0706,次干路,2019
G6辅路（八达岭左侧辅路）,5,21272.9,90.65,88.07,128.2807,主干路,2019
长椿街,5,79139,87.51,88.43,1.965579,主干路,2019
京通快速路辅路,5,77435.4,88.23,88.01,3.753139,主干路,2019
京通快速路辅路,5,67638.8,88.99,96.48,0.812983,主干路,2019
莲花池西路右侧辅路,5,69286.1,87.35,92.1,32.321465,主干路,2019
莲花池西路左侧辅路,5,67794.6,86.37,91.11,16.740601,主干路,2019
牛街,5,58981.3,86.35,92,1.892881,主干路,2019
三环路内环辅路,5,74880,85.26,87.84,174.63862,主干路,2019
三环路内环辅路,5,14994.5,85.86,89.64,35.37117,主干路,2019
三环路外环辅路,5,69732,88.61,87.75,0.7604,主干路,2019
三环路外环辅路,5,35247,85.29,83.6,50.7612,主干路,2019
西土城路,5,16725.3,88.91,80.24,0.3608,主干路,2019
知春路,6,159643,87.12,87.13,31.6586,主干路,2019
建材城东路,6,33698.3,89.61,84.9,19.4255,次干路,2019
建材城西路,6,98343,84.97,93.77,48.649025,次干路,2019
南池子大街,6,86099.2,81.49,91.66,50.279555,次干路,2019
望京东路,6,5700,79.11,77,1.724686,主干路,2019
北蜂窝路,6,38643.82,85.12,81.26,115.73818,主干路,2019
朝阳路,6,79669,95.85,84.52,87.3982,主干路,2019
光明路,6,22773,91.77,89.46,21.632552,主干路,2019
三环路内环辅路（蓟门桥-安贞桥）,6,62746,84.78,84.89,215.203358,主干路,2019
三环路内环辅路（赵公口桥-玉泉营桥）,8,10440,91.68,92.81,1.33985,主干路,2019
三环路内环辅路（玉泉营桥-丽泽桥）,8,34381.3,83.53,91.95,72.203986,主干路,2019
三环路外环辅路（蓟门桥-安贞桥）,8,30100.8,81.29,88.59,3.926593,主干路,2019
三环路外环辅路（赵公口桥-玉泉营桥）,8,39356.5,84.07,79.75,169.3535,主干路,2019
三环路外环辅路（玉泉营桥-丽泽桥）,8,50252.1,86.46,89.66,115.4933,主干路,2019
上地西路,8,18256.4,83.96,79.58,7.559345,主干路,2019
体育馆路,8,43130,88.49,82.77,529.922419,主干路,2019
望京北路,9,870062,89.45,86.82,184.1762,主干路,2019
新街口外大街,9,21742,85.04,87.39,0.8651,主干路,2019
美术馆后街,9,30984,77.34,89.67,45.2268,次干路,2019
阜成路,9,16694.5,78.24,78.97,3.1988,主干路,2019
G4辅路（京石右侧辅路）,9,118126.4,85.19,86.1,55.127194,主干路,2019
三环路内环辅路（紫竹院桥-蓟门桥）,9,23584.8,90.31,88.78,15.844853,主干路,2019
三环路外环辅路（紫竹院桥-蓟门桥）,9,294330,88.14,86.1,3.7685,主干路,2019
杨庄大街,9,61289.3,82.73,81.64,4.7568882,主干路,2019
卢沟桥南路,9,12975,75.35,83.69,0.8335,主干路,2019
周口店路,9,14310.1,88.61,94.46,30.249489,次干路,2019
后八家路（八家南北线）,9,41195.6,84.95,92.22,15.107736,主干路,2019
西三旗东路,9,36066.7,82.86,88.14,21.259782,主干路,2019
南蜂窝路,9,12528.4,82.8,98.01,22.864072,主干路,2019
三环路内环辅路（航天桥-紫竹院桥）,9,9252.3,87.67,81.08,24.5516,主干路,2019
三环路外环辅路（航天桥-紫竹院桥）,9,468646.3,84.18,87.97,849.970535,主干路,2019
三里河东路,9,207217,86.68,90.87,31.9508,主干路,2019
新东路,9,45360.6,82.28,89.63,6.3279,主干路,2019
安定门内大街,9,28312.8,83.48,88.86,0.517,次干路,2019
闵庄路,9,208107,88.18,92.37,1.3715,次干路,2019
二环路,9,337189,97.49,93.62,0.710437,主干路,2019
东单北大街,9,71308.9,78.55,75.1,45.379877,主干路,2019
东四北大街,10,33086,81.78,73.83,2.7198,主干路,2019
东四南大街,10,87205.5,88.7,93.35,243.671,主干路,2019
二环路外环辅路（小街桥-西便门桥）,10,44920.5,88.33,84.1,68.04974,主干路,2019
二环路外环辅路（广安门桥-莱户营桥）,10,10658,99.53,92.82,0.0106,主干路,2019
京密路（京顺路）,10,108806,88.77,92.35,97.1856,主干路,2019
酒仙桥路,10,50653.8,85.67,87.48,0.9809,主干路,2019
酒仙桥南路,10,40080,80.56,88.52,7.68923,主干路,2019
三环路内环辅路（燕莎桥-农展桥）,10,84760,81.23,82.33,323.0187,主干路,2019
三环路内环辅路（光华桥-劲松桥）,10,13692.5,84.81,81.22,0,主干路,2019
三环路外环辅路（光华桥-劲松桥）,11,80694.4,88.89,96.31,15.3594,主干路,2019
三环路外环辅路（燕莎桥-农展桥）,11,20268,100,100,67.8243,主干路,2019
永定路,11,316491.33,90.99,91.1,103.239105,次干路,2019
阜石路辅路,11,3261126,97.76,83.56,76.023656,主干路,2019
阜石路辅路,11,16353,80.21,83.62,24.925637,主干路,2019
阜石路辅路,11,8744.5,88.72,88.31,6.6522,主干路,2019
金榆路（温榆河大道）,11,242814.25,90.96,83.97,307.600309,主干路,2019
金榆路（温榆河大道）,11,57460.55,89.74,84.42,0.874173,主干路,2019
康营东路（温榆河大道）,11,72843.282,87.71,90.53,8.1771638,主干路,2019
榴乡路（蒲黄榆路）,11,12301.98,84.28,100,0.24735,主干路,2019
阜石路,11,83082.81,84.34,89.63,7.2001439,快速路,2019
阜石路,11,141018.2,87.77,84.4,61.721715,快速路,2019
阜石路,11,169285.72,88.03,87.99,132.187749,快速路,2019
杏石口路,11,63039.4,86.27,86.98,7.07079,主干路,2019
北苑路北段,11,64400,83.13,90.11,3.2135,主干路,2019
东长安街,11,115053.14,91.22,94.39,7.380202,主干路,2019
京密路（京顺路）,11,271131.73,86,89.45,355.840348,主干路,2019
手帕口北街,11,29103,88.65,91.64,104.92689,主干路,2019
西长安街,11,82599,90.74,87.62,26.920641,主干路,2019
北湖渠路(鼎成路),11,82351.8,86.82,84.55,48.1306286,主干路,2019
万寿路,11,144684.05,85.2,84.6,166.16425,主干路,2019
望京西路,11,23324,80.7,82.76,32.5507,主干路,2019
永定路,11,57151.5,85.5,85.24,67.810312,次干路,2019
广渠路,11,38815.18,81.48,86,19.686714,主干路,2019
广渠路,11,66248,88.01,78.02,23.03773,主干路,2019
前门大街,11,130225.25,79.06,79.81,23.189,主干路,2019
四环路内环辅路（正阳桥-志新桥）,12,58939.4,88.49,83.17,68.069096,主干路,2019
四环露外环辅路（正阳桥-志新桥）,12,90620,87.64,81.81,55.97692,主干路,2019
西大望路,12,15436,81.11,89.82,39.9032,主干路,2019
东华门大街,12,27633.8,81.81,86.42,2.78515,次干路,2019
安立路,12,12840.2,93.77,82.61,0,主干路,2019
安立路,12,3922.4,93.77,84.89,0,主干路,2019
奥林西路,12,11500,82.91,78.14,15.86485,主干路,2019
北辰东路,12,47514,82.91,76.64,19.73718,主干路,2019
北辰桥改造道路,12,14820,89.63,82.58,17.556937,主干路,2019
北辰西路,12,36918.72,97.95,97.48,9.431828,主干路,2019
北辰西路,12,111047.5,83.96,83.07,34.479021,主干路,2019
北土城东路,12,79549.97,85.39,90.66,9.9183,主干路,2019
大屯路,12,73814.5,91.06,88.46,11.881593,主干路,2019
高梁桥路,12,168837.4,90.94,89.14,113.832234,主干路,2019
和平里北街,12,31549,80.3,81.47,90.2305,主干路,2019
慧忠路,12,57396.5,88.21,84.98,121.444548,主干路,2019
机场二通道辅路,12,60807.5,82.52,88.99,79.384038,主干路,2019
姜庄路,12,34094.63,83.98,87.98,242.792853,主干路,2019
康辛路,13,9920.2,86.71,81.23,5.155000512,主干路,2019
林萃路,13,38933.9,84.85,86.79,37.93978139,主干路,2019
马连洼北路,13,16108,87.36,98.71,468.48781,主干路,2019
陶然亭路,13,92478,96.66,92.26,64.681534,主干路,2019
北京西站南路(西客站南路),13,12530,84.39,100,224.780078,主干路,2019
小营西路,13,88618.2,86.71,80.95,9.20721275,主干路,2019
永定门内大街,13,55249.7,85.49,88.48,1.3581,主干路,2019
张仪村路,13,37538.5,89.36,83.95,14.5093,主干路,2019
中关村大街,13,31326,89.21,81.11,0.6399,主干路,2019
中关村南大街,13,123742.9,85.52,82.79,122.2356,主干路,2019
王府井大街,13,27074.2,84.37,86.28,65.5096,次干路,2019
羊坊店路,13,21165,100,87.27,0.059,次干路,2019
永定路,13,41661.1,85.26,84.05,3.8636,次干路,2019
永定路,13,64748,86.78,87.51,439.8382961,次干路,2019
周口店路,13,30857,82.63,83.7,51.2462,次干路,2019
周口店路,13,16577,80.11,82.97,4.02176,次干路,2019
安翔北路,13,30698,78.45,73.1,19.854151,主干路,2019
动物园路,13,19717.8,89.54,83.87,9.52007,主干路,2019
黑泉路（林萃路）,13,49568,83.17,78.66,11.73005,主干路,2019
红坊路,13,39434.5,91.99,82.96,45.846206,主干路,2019
蓝靛厂北路,13,41524.1,86.86,83.8,44.242764,主干路,2019
蓝靛厂南路,13,23384.2,87.36,89.95,0.6066,主干路,2019
南新华街,13,129150.8,88.2,90.68,36.771339,主干路,2019
清华东路,13,57686.2,95.57,91.25,40.2059,主干路,2019
上庄大街,13,259200,92.17,87.76,67.70303653,主干路,2019
辛店路（辛店村路东延）,13,105847,82.59,89.2,428.2179,主干路,2019
北苑路北段,13,63748,95.57,84.67,23.3863,主干路,2019
宣武门西大街,13,43960.1,85.19,77.82,67.9696,主干路,2019
北坞村路,13,92646.2,91.77,87.8,17.82473433,次干路,2019
阜石路,13,44090,88.31,87.87,108.49613,快速路,2019
阜石路,13,50940,82.38,81.6,20.1147,快速路,2019
阜石路,13,33134.2,84.25,89.9,108.1676,快速路,2019
北京站前街,13,19596,84.59,90.03,9.545204,主干路,2019
北苑路,13,33910,86.44,83.82,1.3767,主干路,2019
朝阳门外大街,13,116272,82.19,78.63,18.49752,主干路,2019
崇文门东大街,13,36132,84.51,81.66,7.17419,主干路,2019
阜通东大街,14,27311.25,92.56,93.46,0.764469,主干路,2019
机场辅路,14,65842.6,82.35,83.37,93.96774,主干路,2019
农展馆南路,14,85220.7,85.75,78.06,1.37361,主干路,2019
人民大会堂西侧路,14,112338,81.34,85.42,34.021466,主干路,2019
太阳宫南街（北土城东路东延）,14,50385,86.1,80.51,1.982688,主干路,2019
天坛东路,14,70854.5,90.71,85,25.60742,主干路,2019
右安门内大街,14,334809,86.57,86.72,1133.3715,主干路,2019
北纬路,14,131269.75,87.34,88.78,131.933258,次干路,2019
方庄路,14,34475,91.77,88.93,0.36714,次干路,2019
芳古路,15,21450,79.98,76.4,0,次干路,2019
京原路,15,61649,89.48,88.56,0.6156,次干路,2019
卢沟桥路,15,23596.75,85.8,84.48,0.493529,次干路,2019
苏州街路,15,23520.8,80.6,90.22,53.835967,次干路,2019
新源南路,15,55594,90.23,80.49,17.02024,次干路,2019
丰北路,15,83490,70.74,74.37,127.15839,快速路,2019
通惠河北路主路,15,50296,81.06,83.7,80.9019,快速路,2019
朝阳路,16,34028,95.08,93.03,0.1477,主干路,2019
广渠路,16,57420.3,95.19,96.6,3.3102,主干路,2019
广渠路,16,15289.5,82.54,83.14,12.15321,主干路,2019
广渠门外大街,16,1239.5,68.86,81.81,19.44194,主干路,2019
惠新西街,16,402177.1,71.01,84.57,154.429,主干路,2019
科荟路,16,41702,86.16,80.29,98.806,主干路,2019
松榆南路,16,20532,85.46,86.79,37.0707,主干路,2019
太平桥大街,16,25839.7,85.46,82.29,7.8755,主干路,2019
西大望路,16,16935,86.86,89.4,35.788,主干路,2019
石板房南路（辛店村路西延）,16,36480,88.33,87.15,193.964496,主干路,2019
赵登禹路,16,94500,85.03,79.86,45.25286,主干路,2019
南大红门路,16,3660,84.62,84.66,22.929551,次干路,2019
南苑东路,16,12328.5,100,100,0.277465,次干路,2019
奥林东路,16,12657.4,96.74,98.56,3.2927,主干路,2019
朝阳路,16,202331.3,85.97,90.15,234.4125,主干路,2019
旱河路,16,27987.3,88.28,76.76,9.763,主干路,2019
玲珑路,16,52804.29,89.87,86.08,364.48455,主干路,2019
鲁谷东路,16,48751.22,89.87,88.87,6.930937,主干路,2019
马家堡西路,16,16775,85.56,90.25,20.95555,主干路,2019
南苑路,16,56649.8,85.67,82.22,1.1025,主干路,2019
玉泉路,16,159394.5,80.89,76.57,77.15,主干路,2019
皂君庙路,16,75870,96.85,93.58,39.9184,主干路,2019
京承联络线主路,16,68921,88.82,93.72,2.9908,快速路,2019
阜通东大街,16,58399.2,92.04,92.39,309.2555,主干路,2019
京承路右侧辅路,16,17850.1,81.19,84.98,23.34757,主干路,2019
京承路左侧辅路,16,22890,85.76,95.79,0,主干路,2019
开阳路,16,42411.4,100,97.57,10.8285,主干路,2019
小屯路,16,20376,92.26,93.76,11.4992,主干路,2019
永定门外大街,16,20742.8,80.13,81.85,1.95597,主干路,2019
北辛安路,16,36070,84.87,81.49,0,主干路,2019
北苑东路,16,53021.2,70.63,58.26,0,主干路,2019
菜户营南路右辅路,16,100362.8,68.6,64.31,3.9967,主干路,2019
菜户营南路左辅路,16,100362.8,89.15,85.27,2.7367,主干路,2019
朝阳北路,16,43547,92.09,93.5,0.9463,主干路,2019
朝阳公园南路,16,74403,87.3,93.06,13.8527,主干路,2019
朝阳门内大街,16,73991.5,91.26,91.72,225.3464,主干路,2019
朝阳门外大街,16,27428.4,90.7,91.18,36.5622,主干路,2019
崇文门西大街,16,15917.4,89.17,85.06,97.257484,主干路,2019
长春桥路,16,30817,71.13,83.9,318.36071,主干路,2019
大灰厂路,16,29213,83.76,85.18,22.68048,主干路,2019
东北城角联络线右侧辅路,16,21322.7,85.49,82.68,22.17108,主干路,2019
东北城角联络线左侧辅路,16,15157,92.9,88.16,29.42996,主干路,2019
东直门外斜街,16,9926,79.96,82.94,0.1477,主干路,2019
二环路内环辅路（建国门桥-建国门桥）,16,20349,90.18,98.07,0.0517,主干路,2019
二环路外环辅路,16,18411,97.48,97.48,1.7037,主干路,2019
丰北路右侧辅路,16,23100,86.15,86.91,19.82739,主干路,2019
丰北路左侧辅路,16,117356.5,86.15,79.65,2.6797,主干路,2019
东大街（丰台东大街）,16,62056,72.12,83.24,20.207,主干路,2019
阜通西大街,16,63867,85.2,84.65,36.8922,主干路,2019
复兴路,16,37230.307,85.12,85.26,24.387761,主干路,2019
复兴门内大街,16,22759.1,85.79,89.59,2.440004,主干路,2019
复兴门外大街,16,18365,87.96,88.16,31.296756,主干路,2019
鼓楼外大街,16,105362.9,87.06,86.89,19.52948,主干路,2019
广安路,16,8505.9,100,98.82,0.52961,主干路,2019
广场西侧路,16,46400,79.68,79.74,22.80386,主干路,2019
红军营南路,16,59846.4,76.84,79.44,4.0037,主干路,2019
湖光中街,16,26938.8,77.39,76.09,7.33858,主干路,2019
花园东路,16,8832,76.13,75.73,2.315,主干路,2019
化工路北段,16,32341.1,69.06,74.65,19.8195,主干路,2019
化工路南段,16,25787.5,85.58,100,59.5823,主干路,2019
黄康路（黄楼路）,16,104639.2,86.07,86.75,12.5664,主干路,2019
惠新西街,16,8020,89.98,85.27,0,主干路,2019
建国路,16,24779.3,83.48,85.09,0.56283,主干路,2019
建国门内大街,16,21694.3,86.68,100,8.470264,主干路,2019
建国门外大街,16,30512.1,84.26,90.03,12.8684,主干路,2019
交道口东大街,16,6820.4,89.37,90.2,6.438,主干路,2019
金顶西街,16,57311,88.42,87.54,19.718584,主干路,2019
京开路右辅路,16,35528.8,88.42,90.08,87.9592,主干路,2019
京开路左辅路,16,28597.3,84.93,84.26,0,主干路,2019
G4辅路（京石右侧辅路）,16,49722.12,81.05,88.24,0,主干路,2019
G4辅路（京石左侧辅路）,16,67534.6,92.57,98.09,18.75887,主干路,2019
京通快速路辅路,16,52993.5,93.87,89.59,24.713064,主干路,2019
酒仙桥路,16,49510.2,84.06,88.03,24.65934,主干路,2019
酒仙桥路,16,6068.2,83.45,89.03,0,主干路,2019
科技大道,16,8372.3,88.92,82.56,24.61365,主干路,2019
丽泽路,16,164853,85.69,88.86,25.52388,主干路,2019
莲花池东路右辅路（天宁寺桥-莲花桥）,16,9316,84.4,84.49,0.2585,主干路,2019
莲花池东路左辅路（天宁寺桥-莲花桥）,16,23088,89.64,93.56,0.0422,主干路,2019
莲花池东路左辅路（南沙窝桥-京原立交东）,16,1198.5,85.21,87.04,0.0211,主干路,2019
莲花池东路左辅路（南沙窝桥-京原立交东）,16,5910,86.42,83.18,0.1477,主干路,2019
鲁谷东街（北段）,16,3480,90.8,96.17,0.0475,主干路,2019
马家堡东路,16,200,88.02,85.04,0.0211,主干路,2019
茂林居西路（北蜂窝北路）,16,530,88.02,100,0.0211,主干路,2019
南宫南路,16,2957.4,88.02,97.24,0,主干路,2019
南磨房路,16,19788,88.02,97.17,0,主干路,2019
农大南路,16,68927.3,88.02,73.27,95.8856,主干路,2019
前门大街,16,80952,88.02,90.48,55.0104,主干路,2019
前门东大街,16,16779,88.02,95.86,31.8697,主干路,2019
前门西大街,16,22318.8,88.02,100,199.2963,主干路,2019
青年路,16,143179.9,88.02,84.97,255.6464,主干路,2019
人民大会堂南侧路,16,4309,88.02,88.83,2.144,主干路,2019
三环路内环辅路（莲花桥-新兴桥）,16,7009,84.38,88.35,5.72662,主干路,2019
三环路外环辅路,16,17564,80.65,86.65,4.11,主干路,2019
三里河路（西外大街-阜成门外大街）,16,31555,84.25,87.16,105.557639,主干路,2019
三里河路（月坛南街-复兴门外大街）,16,36612.25,83.73,81.94,53.855577,主干路,2019
首体南路,16,31121.7,87.26,83.45,6.2651,主干路,2019
双龙路,16,11773,70.21,70.51,3.49396,主干路,2019
通惠河北路右侧辅路,16,13840,86.29,82.68,0,主干路,2019
通惠河北路左侧辅路,16,13841,88.03,77.19,75.1036,主干路,2019
万丰路,16,38938.7,82.94,77.17,0.4748,主干路,2019
万泉河路右侧辅路,16,20287.5,87.97,82.25,23.4551,主干路,2019
万泉河路左侧辅路,16,35310,93.36,92.22,18.6322,主干路,2019
阜安路（望京新干线）,16,88297.2,88.27,89.82,1.76396,主干路,2019
魏公村路,16,27637.7,90.15,91.77,11.81946,主干路,2019
温阳路,16,9518,87.76,85.73,5.595302,主干路,2019
五环辅路（荣华北路-京沪右辅路）,16,15000,83.91,81.58,27.928797,主干路,2019
五环辅路（大羊坊路-博大路）,16,93131,88.44,86.61,8.5244,主干路,2019
五环辅路（大羊坊桥西侧-大羊坊桥东侧）,16,12175.6,81.83,86.82,22.9871,主干路,2019
五环辅路（平房路-姚家园路）,16,7956,76.06,77.01,0.021,主干路,2019
五环辅路（平房路-姚家园路）,16,109200,78.07,81.4,28.409313,主干路,2019
五环辅路（平房村-姚家园路）,16,70669,78.07,86.24,241.99725,主干路,2019
五环辅路（五环平房桥道路1号-姚家园路）,16,41920,89.35,78,1.63525,主干路,2019
五环辅路（王四营仓库-京沈北侧辅路）,16,13584,90.72,91.18,0.3144,主干路,2019
五环辅路（明渠-京沈北侧辅路）,16,15408,86.59,85.83,7.2035,主干路,2019
五环辅路（北苑东路-八达岭高速辅路）,16,25726,68.2,76.24,7.051,主干路,2019
五环辅路（顾庄过街桥-八达岭高速辅路）,16,18088,82.75,90.96,33.629544,主干路,2019
五四大街,16,69303.3,87.88,86.71,35.787209,主干路,2019
西大望路（朝阳北路-朝阳路）,16,17517,79.42,77.63,0.28094,主干路,2019
西大望路（朝阳路-松榆南路）,16,18273.5,87.58,86.45,1.9417,主干路,2019
西四东大街,16,72098.1,97.28,97.94,31.839745,主干路,2019
西五环中路（京原路）,16,149016,84.23,87.68,0.332747,主干路,2019
西直门内大街,16,34967.3,82.6,89.08,18.782701,主干路,2019
西直门外大街右侧辅路,16,226521.73,83.06,80.2,19.354484,主干路,2019
西直门外大街左侧辅路,16,7999,85.06,84.13,9.046,主干路,2019
霄云路,16,20218.2,92.83,89.62,21.8268,主干路,2019
小府路,16,20617,92.28,91.85,43.5904,主干路,2019
新街口北大街,16,12003.5,90.73,89.11,0.042,主干路,2019
新康路,16,112080,89.9,91.69,131.18715,主干路,2019
星火西路,16,10765,93.47,88.38,0.967,主干路,2019
宣武门东大街,16,5891.5,76.16,80.57,4.108,主干路,2019
宣武门外大街,16,28968,69.52,83.08,3.28316,主干路,2019
学清路,16,13558.5,91.15,82.56,70.0431,主干路,2019
学院路,16,5957,77.06,74.89,2.56365,主干路,2019
学院路,16,44150.2,99.46,97.17,2.9508,快速路,2019
学院路右侧辅路,16,33554.7,81.83,80.02,100.7727,主干路,2019
学院路左侧辅路,16,29449.5,89.96,83.34,0.312,主干路,2019
姚家园路(姚家园新路）,16,25872,83.88,89.34,0.9999,主干路,2019
樱花园东街,16,6883,92.83,83.57,0.2849,主干路,2019
裕民中路,16,5653.5,82.64,77.69,0.0844,主干路,2019
圆明园东路,16,22755.9,88.3,84.3,1.1289,主干路,2019
圆明园西路,16,13573,83.68,86.26,0.622,主干路,2019
远大路,16,23470,87.56,87.55,43.733,主干路,2019
展览馆路（西外南街-车公庄大街）,16,12960,87.58,85.37,0.0844,主干路,2019
展览馆路（百万庄大街-阜成门外大街）,16,21578,87.06,84.17,9.77791,主干路,2019
张自忠路,16,22184,87.06,95.09,9.4783,主干路,2019
志新东路（花园东路）,16,17186,87.06,98.71,5.8293,主干路,2019
紫竹院路（紫竹桥-车道沟桥）,16,23947,80.09,85.9,59.47,主干路,2019
紫竹院路右侧辅路,16,12420,88.39,88.39,13.3833,主干路,2019
紫竹院路左侧辅路,16,14209,98.44,99.01,3.62461,主干路,2019
梅市口路,16,18263.8,89.11,89.75,483.427,主干路,2019
园博园南路,16,81073,92.29,84.7,121.0103,主干路,2019
北宫路,16,22608,91.83,86.04,0.7913,主干路,2019
园博大道,16,117600,93.51,85.21,21.74669,主干路,2019
北长街,16,7250,90.89,82.72,1.969,次干路,2019
北京站东街,16,45844,80.06,67.96,5.218,次干路,2019
北京站西街,16,8214,99.86,92.38,9.0076,次干路,2019
北新华街,16,3610.5,100,96.39,4.6387,次干路,2019
长青路,16,29120,86.46,97.66,0.07,次干路,2019
地安门外大街,16,4200.2,100,98.79,18.37656,次干路,2019
东安门大街,16,5845.7,82.96,76.98,12.39007,次干路,2019
东南五环南侧路,16,21223.8,90.17,85.82,14.808444,次干路,2019
东四西大街,16,36298,82.02,82.76,3.0762,次干路,2019
大灰厂东路（杜家坎铁路立交）,16,16701,89.95,92.37,178.82998,次干路,2019
垡头路（垡头南路）,16,15695.5,84.03,82.42,1.239,次干路,2019
芳园西路,16,37084,96.2,94.26,137.37635,次干路,2019
府右街,16,1632,86.99,83.89,0.006,次干路,2019
阜荣街（望京中一街）,16,24626.8,92.9,93.42,0.7543,次干路,2019
工人体育场南路1,16,22945,79.95,85.46,19.7542,次干路,2019
工人体育场南路2,16,6721,88.2,79.5,28.4627,次干路,2019
工人体育场南路3,16,5451,84.76,79.94,26.3196,次干路,2019
鼓楼东大街,16,21006,66.4,76.22,12.66992,次干路,2019
广场东侧路,16,15220,99.62,97.07,1.39049,次干路,2019
广顺北大街北段,16,17344.1,79.29,77,0,次干路,2019
荷清路（大石桥道路）,16,126595,100,100,10.0857,次干路,2019
红军营东路,16,4060,86.36,87.65,33.51,次干路,2019
交道口南大街,16,147671.2,69.58,80.98,85.4953,次干路,2019
金宝街,16,31856.2,71.33,83.26,1.6036,次干路,2019
金鱼胡同,16,75120,84.82,83.14,2.64805,次干路,2019
京原路,16,6540.8,85.65,85.9,1.7625,次干路,2019
景山前街,16,8136,83.21,80.42,46.4423,次干路,2019
来广营东路,16,15461,84.2,85.28,23.5024,次干路,2019
利泽西街,16,7925,96.32,91.33,0,次干路,2019
槐房西路（马家堡西路南延）,16,9813,76.19,95.19,1.5667,次干路,2019
美术馆东街,16,10898.6,84.34,83.23,0.7227,次干路,2019
闵庄路,16,52980,93.18,90.96,2.3695,次干路,2019
南长街,16,60398,78.38,69.84,0.8187,次干路,2019
闹市口北街,16,45576,86.2,92.1,80.1387,次干路,2019
闹市口南街,16,61099,92.35,88.77,4.554692,次干路,2019
西局北街（人民村南路）,16,142458.1,86.15,81.63,42.87706,次干路,2019
六里桥南路（人民村中路）,16,16856.2,80.9,91.38,1.2142,次干路,2019
香山南路（射击场南路）,16,9662,88.36,80.24,0.0633,次干路,2019
太阳宫中路,16,10913,85.29,89.54,0.2357,次干路,2019
田村路,16,10632,81.53,98.68,5.928,次干路,2019
王府井大街,16,121102.9811,85.41,78.54,6.661752,次干路,2019
西二旗北路（东北旺北路东段）,16,124789.6233,73.82,75.55,5.819652,次干路,2019
西华门大街,4,46097,92.73,89.86,12.932471,次干路,2019
姚家园路,4,723374,95.53,97.31,11.0201,次干路,2019
月坛北街,4,122512,93.3,92.42,119.80095,次干路,2019
正义路东线,4,26564.5,94.04,95.78,0.0933,次干路,2019
正义路西线,4,63621,94.99,94.21,30.8364,次干路,2019
中环路,4,20427,88.76,87.07,2.80832,次干路,2019
京津塘连接线,4,34800,91.11,88.58,2.6953,快速路,2019
北辰路,4,144392,93.61,92.04,0.5634,主干路,2019
北苑路,4,143726.61,91.28,95.26,58.5785,主干路,2019
东蒲立交道路,4,148102,91.23,94.97,6.3114,主干路,2019
东苇路,4,24186,92.92,87.74,0,主干路,2019
东苇路（温榆河大道）,4,5130,87.58,72.12,0.46,主干路,2019
京良路,4,14829,84.48,80.46,41.2509,主干路,2019
酒仙桥路,4,8700,97.25,96.06,7.099408,主干路,2019
前门箭环路,4,17748,89.08,86.71,0.8883,主干路,2019
宣武门西大街,4,15060,91.87,87.05,1.3642,主干路,2019
北坞村路,4,7142.5,86.73,83.08,0.268,次干路,2019
中阿公社路1,4,20227.1,86.31,83.16,0.4262,次干路,2019
中阿公社路1,4,7410.8,91.97,84.71,0.0295,次干路,2019
珠市口东大街,4,14941,93.61,86.95,0.4916,主干路,2019
广渠门内大街,5,42032.7,97.26,86.58,27.790899,主干路,2019
车公庄大街,5,14770,95.68,94.03,0.489098,主干路,2019
车公庄西路,5,78489,93.17,92.45,31.09589,主干路,2019
永丰路,5,28240,99.15,90.28,0.22999,主干路,2019
香河园路,5,84052,95.49,94.97,16.89436,主干路,2019
静安西街,5,8130.3,94.09,86.85,1.8751,主干路,2019
柳芳北街,5,37142,97.73,93.43,0.0106,次干路,2019
雍和宫大街,6,20811.5,89.32,87.16,10.296304,主干路,2019
四环路内环辅路,6,136009,83.47,87.3,142.5702,主干路,2019
四环路外环辅路,6,21272.9,88.07,91.09,16.000579,主干路,2019
德外大街,6,79139,88.43,91.27,7.510293,快速路,2020
三环路（三元桥西-丽泽桥北）,6,77435.4,88.01,87.15,12.635335,主干路,2020
G6辅路（八达岭右侧辅路）,6,67368.8,96.48,92.13,0.849275,主干路,2020
德胜门外大街右侧辅路,6,69286.1,92.1,86.23,16.518242,主干路,2020
复兴路,6,67794.6,91.11,86.61,65.909212,主干路,2020
虎坊路,6,58981.3,92,93.33,4.434515,主干路,2020
来广营西路,6,74880,87.84,80.07,59.25497,主干路,2020
石景山路,6,21943,89.64,90.93,39.2759,主干路,2020
四环路内环辅路（东风北桥-小武基桥）,6,69732,87.75,84.12,9.1001,主干路,2020
四环路外环辅路（东风北桥-小武基桥）,6,35247,83.6,84.94,107.204,主干路,2020
西单北大街,6,16725.3,80.24,82.04,18.247324,主干路,2020
西单北大街,7,159643,87.13,90.04,72.05727,主干路,2020
西四北大街,7,33698.3,84.9,82.46,16.70015,主干路,2020
北池子大街,7,98343,93.77,90,19.518993,次干路,2020
北河沿北大街,7,86099.2,91.66,87.8,24.710445,次干路,2020
北河沿南大街,7,5700,77,81.45,2.71701,次干路,2020
地安门内大街,7,38643.82,81.26,84.92,44.59785,次干路,2020
鼓楼西大街,7,79669,84.52,90.94,47.6587,次干路,2020
旧鼓楼大街,7,22773,89.46,84.53,0.20678,次干路,2020
南河沿大街,7,62746,84.89,82.43,2.54255,次干路,2020
三环路外环辅路（丽泽桥-莲花桥）,8,69851.5,91.48,89.48,57.637344,主干路,2020
西土城路,8,64561.7,94.23,91.52,5.6717,主干路,2020
知春路,8,65938,89.67,87.18,194.87016,主干路,2020
建材城东路,8,60235.9,87.21,80.09,118.7415,次干路,2020
建材城西路,8,87091.1,90.52,83.2,2.2408,次干路,2020
南池子大街,8,97916.4,81.84,79.55,79.958137,次干路,2020
望京东路,8,88075,88.39,90.19,15.491301,主干路,2020
北蜂窝路,8,77109.6,92.77,89.99,10.150101,主干路,2020
朝阳路,9,57614,89.46,83.33,33.356228,主干路,2020
光明路,8,10986,92.51,83.04,0.8009,主干路,2020
三环路内环辅路（蓟门桥-安贞桥）,9,197472.5,88.47,86.28,110.6423,主干路,2020
三环路内环辅路（赵公口桥-玉泉营桥）,9,27816,88.09,82.17,41.6377,主干路,2020
三环路内环辅路（玉泉营桥-丽泽桥）,9,10440,92.81,82.42,6.94965,主干路,2020
三环路外环辅路（蓟门桥-安贞桥）,9,34381.3,91.95,85.19,29.83682,主干路,2020
三环路外环辅路（赵公口桥-玉泉营桥）,9,30100.8,88.59,87.79,28.23728,主干路,2020
三环路外环辅路（玉泉营桥-丽泽桥）,9,39356.5,79.75,84.78,51.2004,主干路,2020
上地西路,9,50252.1,89.66,85.62,216.8969,主干路,2020
体育馆路,9,43737.5,85,81.91,191.662153,主干路,2020
望京北路,9,18256.4,79.58,81.88,37.155,主干路,2020
新街口外大街,9,43130,82.77,81.23,73.147526,主干路,2020
美术馆后街,10,870062,86.82,89.44,108.1069,次干路,2020
阜成路·,10,118126.4,86.1,84.8,68.5928,主干路,2020
G4辅路（京石右侧辅路）,10,23584.8,88.78,83.18,19.2761,主干路,2020
三环路内环辅路（紫竹院桥-蓟门桥）,10,294330,86.1,86.25,39.7248,主干路,2020
三环路外环辅路（紫竹院桥-蓟门桥）,10,61289.3,81.64,81.94,15.1246,主干路,2020
杨庄大街,10,12975,94.46,82.18,0.5464,主干路,2020
卢沟桥南路,10,14310.1,92.22,86.31,10.2117578,主干路,2020
周口店路,10,41195.6,98.01,85.29,15.196106,次干路,2020
八家南北线,10,12528.4,88.14,86.01,5.989703,主干路,2020
西三旗东路,10,36066.7,81.08,81.76,17.625439,主干路,2020
菜市口大街,10,9252.3,87.97,86.63,113.58376,主干路,2020
工人体育场北路,10,468646.3,90.87,89.34,129.204714,主干路,2020
广安路,10,207217,90.87,89.34,7.6668,主干路,2020
G1辅路（京沈高速右辅路）,10,45360.6,89.63,87.9,2.0488,主干路,2020
G1辅路（京沈高速左辅路）,10,28312.8,88.86,87.02,1.2419,主干路,2020
石门路,10,208107,92.37,92.62,16.6,主干路,2020
三环内环辅路（安贞桥-燕莎桥）,10,337189,93.62,93.83,74.769848,主干路,2020
三环外环辅路（安贞桥-燕莎桥）,10,71308.9,75.1,70.3,35.286825,主干路,2020
信息路,11,33086,73.83,80.12,37.3856,主干路,2020
台基厂大街,11,87205.5,93.35,94.91,6.0464,支路,2020
二环路外环辅路（菜户营桥-小街桥）,11,44920.5,84.1,87.94,4.57824,主干路,2020
阜成门内大街,11,10658,92.82,81.5,0,主干路,2020
南蜂窝路,11,108806,92.35,89.26,3.5963,主干路,2020
三环路内环辅路（航天桥-紫竹院桥）,11,50653.8,87.48,82.89,184.7332,主干路,2020
三环路外环辅路（航天桥-紫竹院桥）,11,40080,88.52,84.7,34.513509,主干路,2020
三里河东路,11,84760,82.33,84.04,332.8879,主干路,2020
新东路,11,13692.5,81.22,82.85,0,主干路,2020
颐和园路,12,20249.2982,84.76,83.17,0.4579,主干路,2020
安定门大街,12,80694.4,96.31,95.26,0,主干路,2020
闵庄路,12,20268,100,100,0,次干路,2020
二环路（建国门桥-建国门桥）,12,229989.2,91.1,90.36,61.488766,主干路,2020
二环路外环辅路（小街桥-西便门桥）,12,236990.6,83.56,88.09,51.731745,主干路,2020
二环路外环辅路（广安门桥-莱户营桥）,12,16353,83.62,87.37,53.6939,主干路,2020
京密路（京顺路）,12,8744.5,88.31,91.73,0.6942,主干路,2020
酒仙桥路,12,14269.9,99.56,88.95,1.80405,主干路,2020
酒仙桥南路,12,242814.25,83.97,86.08,70.722499,主干路,2020
三环路内环辅路（燕莎桥-农展桥）,12,57460.55,84.42,78.87,9.655744,主干路,2020
三环路内环辅路（光华桥-劲松桥）,12,57460.55,90.53,88.64,2.907744,主干路,2020
三环路外环辅路（燕莎桥-农展桥）,12,12301.98,100,100,0.17724,主干路,2020
三环路外环辅路（光华桥-劲松桥）,12,83082.81,89.63,88.54,22.87472,主干路,2020
永定路,12,141018.2,84.4,85.14,49.51228,次干路,2020
阜石路辅路,12,169285.72,87.99,89.07,93.059165,主干路,2020
阜石路辅路,12,63039.4,86.98,89.83,46.239534,主干路,2020
阜石路辅路,12,64400,90.11,83.93,6.3864,主干路,2020
金榆路（温榆河大道）,12,115053.14,94.39,95.56,7.094045,主干路,2020
金榆路（温榆河大道）,12,271131.73,89.45,86.67,22.365068,主干路,2020
康营东路（温榆河大道）,12,29103,91.64,89.39,3.265617,主干路,2020
榴乡路（蒲黄榆路）,12,82599,87.62,87.58,24.122864,主干路,2020
阜石路,12,82351.8,84.55,83.39,67.298376,快速路,2020
阜石路,12,144684.05,84.6,82.62,42.92091,快速路,2020
阜石路,12,23324,82.76,85.45,74.512582,快速路,2020
杏石口路,12,36406.4,83.91,90.53,4.59,主干路,2020
北苑路北段,12,57151.5,85.24,85.6,22.00384,主干路,2020
东长安街,12,38815.18,86,82.59,8.621144,主干路,2020
京密路（京顺路）,12,66248,78.02,83.22,40.508052,主干路,2020
手帕口北街,12,130225.25,79.81,80.08,24.1375,主干路,2020
西长安街,13,30512,84.96,87.51,27.3449,主干路,2020
北湖渠路(鼎成路),13,16779,88.35,83.19,13.851836,主干路,2020
万寿路,13,34010,96.04,91.84,0.9157,主干路,2020
望京西路,13,61987,85.38,87.31,144.946054,次干路,2020
永定路,13,28800,92.17,85.35,159.5032,次干路,2020
北辰路,13,54746,84.78,84.99,3.9567,主干路,2020
广渠路,13,65126,91.4,86.02,10.834486,主干路,2020
广渠路,13,36000,82.47,82.13,156.55261,主干路,2020
前门大街,13,67160,87.82,86.84,15.800874,主干路,2020
四环路内环辅路（南沙窝桥-志新桥）,13,26725,88.46,87.09,50.96322,主干路,2020
四环路外环辅路（南沙窝桥-志新桥）,13,20521.9,80.75,78.15,5.7911,主干路,2020
西大望路,13,45043,92.23,90.14,61.260852,主干路,2020
东华门大街,13,38376,83.04,81.97,17.65658,次干路,2020
香山路,13,31120,82.33,77.78,15.714412,次干路,2020
安立路,13,14882.9,83.28,80.93,3.8908,主干路,2020
安立路,13,20252,76.18,80.15,0.306,主干路,2020
奥林西路,13,80467.9,80.35,84.78,92.0511835,主干路,2020
北辰东路,13,20676.6,78.79,79.11,31.8382,主干路,2020
北辰桥改造道路,13,52912,84.11,85.45,48.63795,主干路,2020
北辰西路,13,58939.4,83.17,84.65,10.9845,主干路,2020
北辰西路,13,90620,81.81,83.08,36.81269,主干路,2020
北土城东路,13,27633.8,86.42,86.55,17.645706,主干路,2020
大屯路,13,11500,78.14,82.81,15.3784,主干路,2020
高梁桥路,13,47514,76.64,72.61,147.35018,主干路,2020
和平里北街,13,14820,82.58,82.86,1.255239,主干路,2020
慧忠路,13,36918.72,97.48,97.95,0.47819,主干路,2020
机场二通道辅路,13,111047.5,83.07,80.64,24.467726,主干路,2020
姜庄路,13,79548.97,90.66,91.14,125.8845,主干路,2020
康辛路,13,73814.5,88.46,90.3,3.2683,主干路,2020
林萃路,13,168837.4,89.14,91.01,10.592834,主干路,2020
马连洼北路,13,31549,81.47,82.37,35.650192,主干路,2020
陶然亭路,13,57396.5,84.98,79.81,32.774696,主干路,2020
万寿路,13,60807.5,88.99,85.06,1.829,主干路,2020
北京西站南路(西客站南路),13,34094.63,87.98,87.51,18.9354,主干路,2020
小营西路,14,38934,86.79,82.75,45.420348,主干路,2020
永定门内大街,14,16108,98.71,94.19,0.21311,主干路,2020
张仪村路,14,92478,92.26,94.08,18.179802,主干路,2020
三里河路,14,12530,100,96.69,0.0485,主干路,2020
五四大街,14,88618,80.95,83.67,93.7073,主干路,2020
地安门东大街,14,55250,88.48,87.81,1.1736,主干路,2020
地安门西大街,14,37539,83.95,86.07,34.3264,主干路,2020
东大桥路,14,31326,81.11,100,0.3103,主干路,2020
东四十条,14,123742.9,82.79,80.51,117.3438,主干路,2020
东直门外大街,14,52439,91.38,92.31,56.9039,主干路,2020
丰葆路,14,27074.2,86.28,86.41,0.7955,主干路,2020
阜成门外大街,14,21165,87.27,91.23,0,主干路,2020
工人体育场东路,14,41661.1,84.05,85.85,0.9685,主干路,2020
惠新东街,14,64748,87.51,89.19,69.5747,主干路,2020
平安里西大街,14,83293,78.24,81.79,0,主干路,2020
蒲黄榆路,14,59296,83.7,81.79,19.40923,主干路,2020
太平街,14,30857,82.97,80.84,26.437136,主干路,2020
天桥南大街,14,16577,73.1,67.96,0,主干路,2020
文津街,14,30698,83.87,85.17,19.0108,主干路,2020
学院南路,14,19717.8,78.66,82.3,36.94422,主干路,2020
樱花园西街,14,39434.5,82.96,80.31,17.7322,主干路,2020
中关村北大街,14,41524.1,83.8,82.56,15.435714,主干路,2020
中关村大街,14,23384.2,89.95,85.88,35.2772,主干路,2020
中关村南大街,14,129150.79,90.68,86.92,66.674865,主干路,2020
羊坊店路,14,57686.2,91.25,92.55,23.105378,次干路,2020
周口店路,14,259200,87.76,86.23,231.8126,次干路,2020
周口店路,14,105847,89.2,87.66,69.6494,次干路,2020
安翔北路,14,63748,84.67,84.56,165.5839,主干路,2020
动物园路,14,43960.1,77.82,83.37,49.4307,主干路,2020
黑泉路（林萃路）,14,92646.17,87.8,90.28,17.1755,主干路,2020
红坊路,14,44090,87.87,89.92,36.8464,主干路,2020
蓝靛厂北路,14,50940,81.6,75.44,4.7327,主干路,2020
蓝靛厂南路,14,33134.2,89.9,86.16,60.0254,主干路,2020
南新华街,14,19596,90.03,86.12,5.958,主干路,2020
清华东路,14,33910,83.82,80.01,2.8122,主干路,2020
上庄大街,14,116272,78.63,81.67,16.614291,主干路,2020
辛店路（辛店村路东延）,14,36132,81.66,81.24,13.26028,主干路,2020
宣武门西大街,15,27311,93.46,92.42,0.5099,主干路,2020
北坞村路,15,65843,83.37,84.81,39.1161,次干路,2020
阜石路,15,85221,78.06,83.39,3.97697,快速路,2020
阜石路,15,112338,85.42,85.08,32.858842,快速路,2020
阜石路,15,50385,80.51,82.78,3.56184,快速路,2020
北京站前街,15,70855,85,80.24,67.63983,主干路,2020
北苑路,15,334809,86.72,85.57,16.45885,主干路,2020
朝阳门外大街,15,25356,77.92,77.78,0,主干路,2020
崇文门东大街,15,131270,88.78,84.25,119.21675,主干路,2020
阜通东大街,15,34475,88.93,86.9,0.34182,主干路,2020
机场辅路（机场道口-大山子桥）,16,56974,90.16,91.87,19.861054,主干路,2020
亮马桥路,16,110314,96.72,94.28,13.512273,主干路,2020
农展馆南路,16,138279,91.01,93.42,42.772243,主干路,2020
人民大会堂西侧路,16,66571,80.62,89.51,10.695803,主干路,2020
太阳宫南街（北土城东路东延）,16,32584,96.05,97.68,31.224402,主干路,2020
天坛东路,16,21450,86.32,88.55,0.28696,主干路,2020
杏石口路,16,143561,76.4,95.72,8.4488,主干路,2020
永定门外大街,16,69612,90.52,89.39,14.19843,主干路,2020
右安门内大街,16,2348678,87.2,88.17,608.473863,主干路,2020
北纬路,16,65744.4,80.94,84.83,3.0907,次干路,2020
方庄路,16,56983.2,91.24,88.35,15.09455,次干路,2020
芳古路,16,22820.6,84.12,85.18,1.510239,次干路,2020
卢沟桥路,16,23245,93.55,85.3,1.0867,次干路,2020
苏州街路,16,9037,82.3,82.34,2.388309,次干路,2020
新源南路,16,9037,92.23,88.7,2.38309,次干路,2020
丰北路,16,42478.2,85.19,83.61,29.0854,快速路,2020
通惠河北路主路,16,440226.3,84.75,84.57,81.78208,快速路,2020
朝阳路,16,32967.2,77.66,76.81,30.191702,主干路,2020
广渠路,16,112400,85.77,89.39,2.732884,主干路,2020
广渠路,16,34028,93.03,91.79,0.93473,主干路,2020
广渠门外大街,16,57420.3,96.6,91.44,3.8706,主干路,2020
惠新西街,16,15289.5,83.14,80.1,10.36192,主干路,2020
科荟路,16,14239.5,81.81,84.6,4.83049,主干路,2020
松榆南路,16,402177.1,84.57,79.81,214.277,主干路,2020
太平桥大街,16,41702,80.29,83.06,7.5661,主干路,2020
西大望路,16,20532,86.79,85.42,7.3927,主干路,2020
石板房南路（辛店村路西延）,16,25839.7,82.29,84.5,18.7004,主干路,2020
赵登禹路,16,16935,89.4,86.74,3.0025,主干路,2020
南大红门路,16,36480,87.15,86.18,21.89207,次干路,2020
南苑东路,16,94500,79.86,85.5,44.72405,次干路,2020
奥林东路,16,3660,84.66,87.55,4.5983,主干路,2020
朝阳路,16,12328.5,100,90.83,2.73139,主干路,2020
旱河路,16,12657.4,98.56,98.1,12.1656,主干路,2020
玲珑路,16,202331.3,90.15,88.57,108.0207,主干路,2020
鲁谷东路,16,27987.3,76.76,82.18,16.6633,主干路,2020
马家堡西路,16,52804.29,86.08,87.04,38.259649,主干路,2020
南苑路,16,48751.22,88.87,88.93,57.928714,主干路,2020
宣武门内大街,16,16775,90.25,90.76,5.44235,主干路,2020
玉泉路,16,75870,93.58,93.86,2.8922,主干路,2020
皂君庙路,16,58921,93.72,91.52,1.055,主干路,2020
西外大街主路,16,58399.2,92.39,91,151.9603,快速路,2020
学院路,16,17850.1,84.98085981,83.02724409,41.66155,主干路,2020
学院路,16,22890,95.7929534,82.56392674,0,快速路,2020
万泉河路,16,42411.4,97.5725,93.21928598,14.8016,快速路,2020
万泉河路,16,20376,93.76046277,90.86336137,167.1356,快速路,2020
东北城角联络线主路,16,20742.8,96.61214725,93.88201534,20.526396,快速路,2020
紫竹院路（白石新桥-紫竹桥西天桥）,16,36070,83.549074,82.43359258,0,主干路,2020
京承联络线主路,16,53021.2,81.84799443,82.12148518,0,快速路,2020
莲花池东路,16,100362.8,81.48773801,82.28955227,5.7037,快速路,2020
莱户营南路,16,15732.2,58.25962954,85.05695848,2.4394,快速路,2020
四环路,16,43547,64.3089989,84.5177101,310.8153,主干路,2020
安定路,16,74403,85.27104882,72.64034984,2.252,主干路,2020
安定门外大街,16,73991.5,93.50040025,86.16295691,66.7502,主干路,2020
安翔北路,16,27428.4,93.06070743,93.09684432,3.134245,主干路,2020
白云路,16,15917.4,91.71735663,95.32238341,2.48716,主干路,2020
北辰东路,16,23596.75,91.17668358,93.82234081,21.734867,主干路,2020
北辰路,16,23520.8,85.060224,85.6684903,6.80564,主干路,2020
北辰西路,16,30817,83.90365317,78.08445722,19.072958,主干路,2020
北辰西路,16,29213,84.48359729,87.03745316,10.88241,主干路,2020
北清路,16,21322.74143,90.21726786,83.03433503,18.78602,主干路,2020
北太平庄路,16,15157,85.18457708,83.37698335,128.13424,主干路,2020
北土城西路,16,9926,82.6802017,83.33057552,0,主干路,2020
北辛安路,16,13350,88.16080003,86.75349587,0,主干路,2020
北苑东路,16,20349,82.93814395,85.75432948,1.8773,主干路,2020
莱户营南路右辅路,16,18411,98.068069,94.08399677,0.4252,主干路,2020
莱户营南路左辅路,16,55594,97.48142857,88.66223063,40.497101,主干路,2020
朝阳北路,16,23100,86.90542525,83.40612163,199.66508,主干路,2020
朝阳公园南路,16,117356.5,79.6527952,80.32620781,2.21432,主干路,2020
朝阳门内大街,16,62056,80.4804088,82.01303419,111.1368854,主干路,2020
朝阳门外大街,16,63867,83.24062038,84.67848779,107.2882996,主干路,2020
崇文门西大街,16,22759.08984,84.6487378,83.64327824,9.553147,主干路,2020
长春桥路,16,18365,85.26224296,83.24931242,0.72584,主干路,2020
大灰厂路,16,105362.9,89.58816049,86.69644594,17.82468,主干路,2020
东北城角联络线右侧辅路,16,8505.9,88.16099052,83.34950517,0.20256,主干路,2020
东北城角联络线左侧辅路,16,46400,86.885138,85.04461483,35.53474,主干路,2020
东直门外斜街,16,8832,98.816,90.85878772,0.1899,主干路,2020
二环路内环辅路（建国门桥-建国门桥）,16,32341.1,79.74154762,79.07362727,7.40952,主干路,2020
二环路外环辅路,16,25787.5,79.44282804,85.96219002,25.785644,主干路,2020
丰北路右侧辅路（丽泽桥东-京石高速）,16,104639.2,76.09320062,74.53182261,32.3371,主干路,2020
丰北路左侧辅路（丽泽桥东-京石高速）,16,8020,100,94.66,0,主干路,2020
东大街（丰台东大街）,16,24779.32746,86.75168786,85.54826021,1.222956,主干路,2020
复兴门内大街,16,21694.28281,85.27016089,81.92842232,0.273667,主干路,2020
复兴门外大街,16,6820.356117,85.08557386,84.49594778,322.6510166,主干路,2020
鼓楼外大街,16,57311,100,95.79,24.052114,主干路,2020
广安路,16,35528.8,90.03272771,85.8592091,0.5286,主干路,2020
广场西侧路,16,28597.3,90.201146,91.13600219,2.477769,主干路,2020
红军营南路,16,49722.12,90.08161784,91.02865666,9.297736,主干路,2020
湖光中街,16,67534.6,84.25532079,84.44744699,107.809675,主干路,2020
花园东路,16,52993.5,88.2390162,88.37972872,34.262719,主干路,2020
化工路北段,16,49510.2,98.09260601,97.66848589,20.179886,主干路,2020
化工路南段,16,6068.2,89.58930569,95.16113642,0.1899,主干路,2020
黄康路（黄楼路）,16,8372.3,88.0256633,93.34662955,3.57434,主干路,2020
惠新西街,16,164853,89.02550665,92.8825613,37.436112,主干路,2020
建国路,16,9316,82.56376754,86.77223458,0.0485,主干路,2020
建国门内大街,16,23088,88.86209248,84.74497015,0.0317,主干路,2020
建国门外大街,16,1198.5,84.48949309,83.2216639,0,主干路,2020
交道口东大街,16,5910,93.559744,94.42,0,主干路,2020
金顶西街,16,3480,87.03810515,82.02813655,0,主干路,2020
京承路右侧辅路,16,200,83.17524907,79.76315822,0,主干路,2020
京承路左侧辅路,16,530,96.165567,93.91740854,0.0317,主干路,2020
京开路右辅路,16,2957.4,85.04266983,86.8008502,0,主干路,2020
京开路左辅路,16,19788,100,94.99,0,主干路,2020
G4辅路（京石右侧辅路）,16,68927.3,97.244745,87.17832028,44.0993,主干路,2020
G4辅路（京石左侧辅路）,16,80952,97.1746665,94.065,64.8034,主干路,2020
京通快速路左辅路,16,22318.8,73.27052658,77.98168717,84.894,主干路,2020
京通快速路右辅路,16,143179.9,90.48,87.77142595,54.23002603,主干路,2020
酒仙桥路,16,4309,95.856008,83.28529253,0.9537,主干路,2020
酒仙桥路,16,7009,100,83.69077402,1.4348,主干路,2020
开阳路,16,31121.7,84.96752903,85.40883455,145.312,主干路,2020
科技大道,16,11773,88.82834789,86.86564029,159.10285,主干路,2020
丽泽路,16,7220,86.65301033,82.49957837,0,主干路,2020
莲花池东路右辅路,16,13840,87.16436588,84.89513846,0.5845,主干路,2020
莲花池东路左辅路,16,13841,81.93896562,77.08469595,0.2469,主干路,2020
莲花池西路左侧辅路,16,7261,83.45053049,100,2.902772247,主干路,2020
鲁谷东街（北段）,16,38938.7,86.9075865,88.57701032,74.5561,主干路,2020
马家堡东路,16,20287.5,77.1689111,90.70367456,22.452506,主干路,2020
茂林居西路（北蜂窝北路）,16,88297.2,82.24963519,81.80057723,35.81231,主干路,2020
南宫南路,16,27637.7,92.21818768,85.54932057,44.7121451,主干路,2020
前门大街,16,9518,89.82355715,84.01265103,0.799901,主干路,2020
前门东大街,16,15000,91.7697525,89.36431714,15.678514,主干路,2020
前门西大街,16,93131,85.73423101,83.11020243,53.3586,主干路,2020
青年路,16,3181.920386,81.57743394,85.80353444,0,主干路,2020
人民大会堂南侧路,16,12376.19753,86.60784802,83.81421794,0,主干路,2020
三环路内环辅路,16,12175.6,96.7155898,94.27622305,0.8214,主干路,2020
三环路外环辅路,16,7956,92.05389505,87.883701,0.3879,主干路,2020
三里河路,16,109200,86.82111179,80.03589766,84.655126,主干路,2020
首体南路,16,70669,77.00773246,81.06434479,43.77334,主干路,2020
双龙路,16,41920,81.40281503,82.66841405,27.727885,主干路,2020
通惠河北路右侧辅路,16,13584,86.23732675,82.658446,2.540955074,主干路,2020
通惠河北路左侧辅路,16,15408,91.18491952,88.39459923,1.349593564,主干路,2020
万丰路,16,25726,87.41451175,90.7394881,0.7343,主干路,2020
万泉河路右侧辅路,16,18088,85.83210024,85.48977065,25.618544,主干路,2020
万泉河路右侧辅路,16,65100,76.24416279,76.12484252,278.85985,主干路,2020
万泉河路左侧辅路,16,68672,90.96145486,81.37314984,17.484106,主干路,2020
万泉河路左侧辅路,16,17517,87.46819248,82.83891958,3.451055,主干路,2020
阜安路（望京新干线）,16,18273.5,86.711561,86.91696271,5.110626,主干路,2020
魏公村路 ,16,72098.1,77.63382092,79.8875938,50.628401,主干路,2020
温阳路,16,149016,86.45411589,86.58119335,8.297364,主干路,2020
五环辅路,16,34967.3,97.94143357,97.0310948,7.678923,主干路,2020
五环辅路,16,226521.73,87.67517873,83.5486821,2.782757,主干路,2020
五环辅路,16,7999,89.07808801,86.34670088,0.3777,主干路,2020
五环辅路,16,20218.2,80.19622956,81.70963235,5.596105,主干路,2020
五环辅路,16,20617,84.13316605,84.04644643,7.854854,主干路,2020
五环辅路,16,12003.5,89.61611419,90.57553861,0.4283,主干路,2020
五环辅路,16,112080,91.84755529,88.50752938,10.06594,主干路,2020
五环辅路,16,10765,89.11486139,87.53955031,1.3188,主干路,2020
五环辅路,16,5891.5,91.68942789,93.86638045,0.5085,主干路,2020
五环辅路,16,28968,88.37763358,87.20610216,0,主干路,2020
五环辅路,16,13558.5,80.57435,83.07572556,21.112722,主干路,2020
西大望路,16,5957,83.0816672,82.98893439,2.90125,主干路,2020
西大望路,16,44150.2,82.55896489,83.02362554,54.75557,主干路,2020
西四东大街,16,33554.7,74.89417492,69.52812342,12.1946,主干路,2020
西五环中路（京原路）,16,29449.5,97.1656611,93.67946469,39.2386,主干路,2020
霄云路,16,25872,80.02025778,71.80923663,12.3894,主干路,2020
小府路,16,6883,83.3424665,83.51112894,10.2783,主干路,2020
辛店路（辛店村路东延）,16,5653.5,89.33559756,90.51177693,0.8271,主干路,2020
新街口北大街,16,22755.9,83.56827933,88.80769092,0.0369,主干路,2020
新康路,16,13573,77.69379853,79.63653088,15.41559,主干路,2020
信息路,16,23470,84.30270992,83.83094208,0,主干路,2020
星火西路,16,12960,86.2636467,81.62126193,0.0422,主干路,2020
宣武门东大街,16,21578,87.55259154,82.73067944,1.17496,主干路,2020
学清路,16,22184,85.36501117,90.35599218,18.8746,主干路,2020
学院路,16,17186,84.170446,84.74503192,13.910937,主干路,2020
学院路,16,23947,95.0866955,84.04253805,487.0574,快速路,2020
学院路右侧辅路,16,12420,98.7118095,80.94555086,137.9509,主干路,2020
学院路左侧辅路,16,18263.8,85.9009945,87.5924599,0.0654,主干路,2020
姚家园路(姚家园新路）,16,81073,88.38536511,98.76,17.0553,主干路,2020
颐和园路,16,22608,99.01212967,88.22383509,97.9748,主干路,2020
颐和园路,16,117600,89.74915085,86.03599548,166.01508,主干路,2020
樱花园东街,16,7250,84.69798971,83.00462972,2.2802,主干路,2020
裕民中路,16,45844,86.04456075,87.672369,0,主干路,2020
圆明园东路,16,8214,85.21279125,100,0.2321,主干路,2020
圆明园西路,16,3610.5,82.72154625,100,0.5507,主干路,2020
远大路,16,29120,92.38428885,84.75858455,0.5317,主干路,2020
展览馆路,16,4200.2,96.38717905,90.6479177,15.66375,主干路,2020
展览馆路,16,5845.7,97.65705206,90.34261314,8.89329,主干路,2020
张自忠路,16,21223.8,98.78666667,91.52045139,12.262428,主干路,2020
志新东路（花园东路）,16,36298,76.98198407,75.76141363,53.2246,主干路,2020
中关村东路（清华南路）,16,16701,85.81538914,82.04469031,2.81436,主干路,2020
紫竹院路,16,15695.5,82.76124525,79.36477547,18.502872,主干路,2020
紫竹院路,16,37084,92.3718815,85.22298165,20.502262,快速路,2020
紫竹院路,16,1632,82.42477819,82.20956003,0,主干路,2020
紫竹院路右侧辅路,16,24626.8,94.25908663,92.13817872,16.9802,主干路,2020
紫竹院路左侧辅路,16,6721,83.88632727,82.36673623,10.8678,主干路,2020
梅市口路,16,5451,93.416,88.9537055,0.595,主干路,2020
园博园南路,16,21006,85.45791624,88.55976336,10.69945,主干路,2020
北宫路,16,15220,79.50478955,84.07975173,0,主干路,2020
园博大道,16,17344.10179,79.94179289,84.11259745,0.6332,主干路,2020
北长街,16,126595,76.21624556,78.13140689,2.6842,次干路,2020
北京站东街,16,147671.2,97.0675,92.26866088,3.9402,次干路,2020
北京站西街,16,31856.2,77.00038604,78.08458596,2.053,次干路,2020
北新华街,16,75120,100,100,5.39738,次干路,2020
长青路,16,6540.75,87.653092,91.55866493,7.5651,次干路,2020
地安门外大街,16,8136,83.14047975,81.41166386,47.0408,次干路,2020
东安门大街,16,15461,85.90002775,81.82796961,7.0588,次干路,2020
东南五环南侧路,16,7925,80.41732108,82.26397362,0,次干路,2020
东四西大街,16,9813,85.27800507,90.40929202,138.6353,次干路,2020
大灰厂东路（杜家坎铁路立交）,16,10898.6,91.33384567,98.38,147.4955,次干路,2020
垡头路（垡头南路）,16,24810.30162,85.19429671,81.898186,0.481502,次干路,2020
芳园西路,16,52687.04502,83.23033417,81.20546671,43.272641,次干路,2020
府右街,16,21721.40067,90.9649595,85.75030599,1.105007,次干路,2020
阜荣街（望京中一街）,16,46127.46883,69.83993459,73.43766256,37.228024,次干路,2020
工人体育场南路1,16,25163.52441,92.10006156,86.5678336,12.83864461,次干路,2020
工人体育场南路2,16,11328,88.76983969,83.13599939,11.13526536,次干路,2020
工人体育场南路3,16,15436,81.62912317,81.88067587,9.651572,次干路,2020
鼓楼东大街,16,12840.2,80.23579544,86.03629791,0,次干路,2020
广场东侧路,16,3922.4,89.54097687,84.72187386,0,次干路,2020
广顺北大街北段,16,22945,98.67666667,95.595,64.78148003,次干路,2020
荷清路（大石桥道路）,16,37965,78.54260075,87.80847053,124.2012255,次干路,2020
红军营东路,16,31555,75.55051575,86.76179721,11.89714,次干路,2020
交道口南大街,16,36612.25,90.47376911,85.19273494,8.567263,次干路,2020
金宝街,16,27851,92.83319033,82.72707988,0.5528,次干路,2020
金鱼胡同,16,26938.8,96.02738211,89.02122055,6.43128,次干路,2020
景山前街,16,61649,92.67304387,84.73758444,15.1981,次干路,2020
来广营东路,16,56649.8,84.96434285,87.69580622,20.7148,次干路,2020
利泽西街,16,83490,83.37045065,79.41063832,10.2657,次干路,2020
槐房西路（马家堡西路南延）,16,59846.4,89.82316025,81.9899703,1.9887,次干路,2020
美术馆东街,16,14209,82.60986979,87.99157551,11.1583,次干路,2020
闵庄路,16,17564,84.89238491,85.16391211,17.3443,次干路,2020
南长街,2,86502.12939,84.87,87.65,1.386903,次干路,2020
闹市口北街,2,89135.44523,84.56,88.38,20.339185,次干路,2020
闹市口南街,2,22945,96.66,82.77,0.0444,次干路,2020
西局北街（人民村南路）,2,37965,96.53,88.18,0.080808,次干路,2020
六里桥南路（人民村中路）,2,31555,98.37,94.27,0.296455,次干路,2020
香山南路（射击场南路）,2,36612.25,96.02,96.12,2.077557,次干路,2020
太阳宫中路,2,27851,96.72,82.23,0,次干路,2020
田村路,2,26938.8,96.65,92.5,0.1477,次干路,2020
王府井大街,2,31325.99666,97.35,96.84,8.63249093,次干路,2020
西二旗北路（东北旺北路东段）,2,56649.8,96.84,92.98,0,次干路,2020
西华门大街,2,83490,96.39,90.42,17.51016706,次干路,2020
姚家园路,2,59846.4,96.96,94.55,0.2276,次干路,2020
正义路东线,2,14209,94.03,90.56,0.0598718,次干路,2020
正义路西线,2,49568,97.19,90.56,0,次干路,2020
中环路,2,17564,98.4,87.18,0.01887,次干路,2020
京津塘连接线,3,52980,95.02,99.69,0.164613,快速路,2020
北辰路,3,60398,96.02,97.17,0.140748,主干路,2020
北苑路,3,49784,95.02,89.64,2.219778,主干路,2020
东苇路,3,121102.9811,85.34,87.36,20.263734,主干路,2020
东苇路（温榆河大道）,3,124789.6233,84.04,87.16,11.222465,主干路,2020
京良路,3,45576,95.01,93.14,13.202304,主干路,2020
酒仙桥路,3,61099,90.89,90.29,1.51287,主干路,2020
前门箭环路,3,164380,95.04,82.81,1.872459,主干路,2020
宣武门西大街,3,142458.1,95.01,83.89,14.21028662,主干路,2020
北坞村路,3,16856.2,96.21,86.92,0.1647795,次干路,2020
中阿公社路1,3,22995,92.68,86.92,0.3047795,次干路,2020
中阿公社路2,3,10632,94.02,84.51,0.3044952,次干路,2020
三环路内环辅路,3,32927.1,95.79,81.82,0.1489842,主干路,2020
三环路内环辅路,3,43232,96.96,95.01,0.4392714,主干路,2020
三环路外环辅路,3,9662,90.71,90.7,0.1132,主干路,2020
三环路外环辅路,3,10913,94.02,87.55,0.024,主干路,2020
三里河路,4,7163,89.22,91.14,13.48666,主干路,2020
展览馆路,4,7563.7,88.29,85.01,4.091636,主干路,2020
王府井大街,4,5423.9,92.01,89.17,0.16,次干路,2020
永定路,4,325713,94.36,91.88,8.537206,次干路,2020
永定路,4,36650,81.18,84.27,6.9306791,次干路,2020
月坛北街,4,68054,86.35,86.35,15.4413163,次干路,2020
月坛南街,4,36398,92.68,92.09,0.2586,次干路,2020
西直门外大街右侧辅路,4,12025.12679,81.85,88.76,0.41466,主干路,2020
西直门外大街左侧辅路,4,12391.1982,84.28,87.11,4.83922,主干路,2020
白纸坊西街,4,33941,94.02,94.7,1.066932,主干路,2020
农大南路,4,25444,83.76,90.81,2.01036,主干路,2020
阜通东大街,4,90833.5,94.01,92.3,23.724048,主干路,2020
阜通西大街,4,14172,86.16,85.1,0.503071,主干路,2020
小屯路,5,384394,94.43,91.16,7.539302,主干路,2020
南磨房路,5,34747.5,84.79,85.14,2.240133,主干路,2020
京原路,5,62000,78.23,70.71,3.24,次干路,2020
西直门内大街,5,30635.4,90.36,86.13,23.860264,主干路,2020
四环路内环辅路,5,51657.9,83.77,85.05,1.2968512,主干路,2021
四环路外环辅路,5,34658.8,91.49,91.68,0.3958,主干路,2021
月坛北街,5,15826,81.31,81.87,6.393489,次干路,2021
月坛南街,5,15825,79.97,83.87,32.07712124,次干路,2021
西直门外大街右侧辅路,5,90329.03138,94.49,93.08,0.55,主干路,2021
西直门外大街左侧辅路,5,90010.12334,94.07,94.15,0.66,主干路,2021
白纸坊西街,5,275236.4677,84.73,88.91,18.292412,主干路,2021
农大南路,5,283615.2736,86.01,88.61,35.648789,主干路,2021
阜通东大街,5,20770,93.99,90.11,0.146856,主干路,2021
阜通西大街,5,9399.2,78.55,82.22,44.449458,主干路,2021
小屯路,5,22678.5,92.04,90.03,0.305317,主干路,2021
南磨房路,5,24552,90.37,90.8,0.150232,主干路,2021
京原路,5,11378.6,86.02,75.5,2.6599498,次干路,2021
京原路,5,48624,94.41,92.25,0.0484,次干路,2021
西直门内大街,5,27723.5,88.03,73.27,36.9690974,主干路,2021
珠市口东大街,5,95399,87.02,81.44,0.67162,主干路,2021
广渠门内大街,5,32544,91.24,86.95,19.5699612,主干路,2021
广安门外大街,5,44698.8,92.17,90.74,0.2628,主干路,2021
四环路内环辅路,5,43811.1,88.16,87.04,81.2766965,主干路,2021
四环路外环辅路,5,87108,85.02,88.52,28.5276149,主干路,2021
车公庄大街,6,46097,91.44,90.09,1.806582,主干路,2021
车公庄西路,6,723374,90.44,91.73,34.810615,主干路,2021
成寿寺路,6,122512,84.83,85.49,23.11376536,主干路,2021
永丰路,6,26564.5,85.46,85.74,0,主干路,2021
香河园路,6,63621,92.4,86.1,2.64106,主干路,2021
香河园路,6,20427,87.02,85.31,0.935648,主干路,2021
雍和宫大街,6,34800,86.87,88.69,14.32090784,主干路,2021
崇文门内大街,6,144392,88.06,87.46,12.89391874,主干路,2021
崇文门外大街,6,143726.615,85.39,86.96,55.926325,主干路,2021
静安西街,6,148101.9705,85.39,89.02,16.915845,主干路,2021
柳芳北街,6,24186,84.41,80.76,0,次干路,2021
景山东街,6,5130,78.64,80.76,38.7146298,次干路,2021
景山后街,6,14829,83.4,81.09,54.011538,次干路,2021
景山西街,6,8700,94.73,98.45,0.041736,次干路,2021
三环路,6,17748,88.02,83.54,0.76104,主干路,2021
稻香湖路,6,15060,90.68,78.57,1.9132626,次干路,2021
广顺北大街,6,7142.5,86.02,95.39,24.67366,主干路,2021
广顺南大街,6,20227.1,79.5,75.83,1.221176,主干路,2021
四环路内环辅路,6,7410.8,88.02,86,0.338448,主干路,2021
四环路外环辅路,6,14941,90.01,80.16,7.696329,主干路,2021
珠市口西大街,6,53775.7,93.45,88.04,2.644982,主干路,2021
骡马市大街,7,120797.118,81.96,79.46,26.959752,主干路,2021
广安门内大街,7,188939.082,80.95,79.46,94.865555,主干路,2021
西安门大街,7,104131.6,81.63,86.87,52.48296356,次干路,2021
三环路,7,24174,84.76,84.16,3.77658,主干路,2021
德胜门外大街左侧辅路,7,47384.56862,95.99,93.08,0.33,主干路,2021
东苇路,7,47217.27666,94.3,94.15,0.31,主干路,2021
东直门内大街,7,63277.793,81.29,83.9,4.943298,主干路,2021
和平里西街,7,38682.06016,83.79,85.35,4.707384,主干路,2021
劲松路,7,16595,85.41,83.23,0.635504,主干路,2021
京开路右辅路,7,96949.1187,87.84,91,101.285973,主干路,2021
京开路左辅路,7,48009.94696,85.87,88.23,4.975662,主干路,2021
京通快速路左辅路,7,84878.88151,79.89,85.26,7.67132,主干路,2021
京通快速路右辅路,7,42032.67295,83.61,86.08,20.961733,主干路,2021
四环路内环辅路,7,14770,94.2,92.64,0.79,主干路,2021
四环路外环辅路,7,78489,86.02,87.82,2.819779,主干路,2021
土城西侧路,7,28240,96.73,91.18,141.829168,主干路,2021
西四南大街,7,84052,90.99,91,66.98033529,主干路,2021
西直门北大街右侧辅路,7,8130.3,92.19,84.65,8.7174496,主干路,2021
西直门北大街左侧辅路,7,37142,88.25,92.19,0.2664,主干路,2021
新街口南大街,7,31172,88.39,90.91,0,主干路,2021
阜安西路,8,20811.5,86.34,87.07,23.26590705,次干路,2021
和平里东街,8,136009,84.93,84.63,60.95989985,次干路,2021
后厂村路（东北旺北路）,8,21272.9,90.27,85.32,4.378852,主干路,2021
天坛路,8,79138.97708,86.6,88.56,20.37613,次干路,2021
望京街,8,77435.39832,84.87,92,9.54602,次干路,2021
香山路,8,67368.79654,86.55,92.02,1.0192,次干路,2021
西三旗南路,8,69286.11574,83.9,88.75,16.0142,主干路,2021
德外大街,8,67794.63379,82.53,85.06,46.950656,快速路,2021
三环路 ,8,58981.3314,81.57,86.06,4.3177505,主干路,2021
G6辅路（八达岭右侧辅路）,8,74880,78.18,78.6,53.1021168,主干路,2021
德胜门外大街右侧辅路,8,21943,87.02,84.89,50.4690706,主干路,2021
复兴路,8,69732,85.61,86.53,16.14280238,主干路,2021
虎坊路,8,35247,85.08,73.93,114.1536204,主干路,2021
来广营西路,8,16725.3,84.06,88.34,1.017484,主干路,2021
石景山路,9,159643,86.01,86.13,140.4632167,主干路,2021
四环路内环辅路,9,33698.25857,76.01,81.99,41.08706765,主干路,2021
四环路外环辅路,9,98342.95587,85.28,88.63,114.1656338,主干路,2021
西单北大街,9,86099.18492,83.12,86.03,249.008798,主干路,2021
西单北大街,9,5700,78.02,81.9,0.49585,主干路,2021
西单北大街,9,38643.82,78.88,84.49,139.3683716,主干路,2021
西单北大街,9,79669,85.21,75.09,23.7535884,主干路,2021
西四北大街,9,22773,80.81,88.01,0.62794929,主干路,2021
北池子大街,9,62746,81.63,82.85,21.0607983,次干路,2021
北河沿北大街,10,69851.5,83.55,87.37,66.520306,次干路,2021
北河沿南大街,10,64561.7,85.78,84.18,167.1559343,次干路,2021
地安门内大街,10,65938,89.06,83.24,6.810627,次干路,2021
鼓楼西大街,10,14898.68788,98.11,86.96,0.28,次干路,2021
旧鼓楼大街,10,14898.68788,90.07,87.18,0.18,次干路,2021
南河沿大街,10,97916.4,78.02,74.48,120.9031464,次干路,2021
东坝南二街,10,88075.02205,85.96,86.78,72.42200388,主干路,2021
莲西路,10,77109.61648,85.58,85.36,35.92449138,快速路,2021
莲西路,10,57614,79.49,81.08,1.2449,快速路,2021
G6辅路（八达岭左侧辅路）,10,10986,90.02,81.82,6.2365738,主干路,2021
长椿街,11,197472.5309,85.33,86.49,64.0236819,主干路,2021
京通快速路左辅路,11,27816,81.47,69.65,1.829852,主干路,2021
京通快速路右辅路,11,10440,85.01,80.18,0.077478,主干路,2021
莲花池西路右侧辅路,11,34381.31685,91.28,89.68,12.61612,主干路,2021
莲花池西路左侧辅路,11,30100.8174,83.7,82.15,11.81675,主干路,2021
牛街,11,39356.5,81.96,78.25,2.802528,主干路,2021
三环路内环辅路,11,50252.1,85.02,85.35,68.6158231,主干路,2021
三环路内环辅路,11,43737.5,82.13,92.82,751.47688,主干路,2021
三环路外环辅路,11,18256.4,82.3,79.68,2.8018696,主干路,2021
三环路外环辅路,11,27265,83,84.74,43.94507991,主干路,2021
西土城路 ,11,43130,79.75,78.06,5.784354,主干路,2021
知春路,11,11584,85.22,83.7,0.067488,主干路,2021
建材城东路,12,870062.1,88.38,87.16,259.279553,次干路,2021
建材城西路,12,118126.3766,87.08,87.57,148.8549455,次干路,2021
南池子大街,12,23584.84416,80.19,86.49,55.87350819,次干路,2021
望京东路,12,294330,78.47,80.12,3.96,主干路,2021
鲁坨路,12,61289.25,81.49,76.8,9.25,主干路,2021
北蜂窝路,12,12975,85.01,74.87,9.65800266,主干路,2021
朝阳路,12,14310.06161,83.08,85.15,3.80855,主干路,2021
光明路,12,41195.63191,83.56,88,44.36276,主干路,2021
三环路内环辅路,12,12528.44832,85.21,85.9,5.516311,主干路,2021
三环路内环辅路,12,36066.74518,88.55,87.26,55.448888,主干路,2021
三环路内环辅路,12,9252.3,81.2,79.41,8.445275,主干路,2021
三环路外环辅路,12,468646.3,81.1,87.85,83.64709975,主干路,2021
三环路外环辅路,12,207217,86.16,85.12,22.1346449,主干路,2021
三环路外环辅路,12,45360.6,83.93,85.79,1.1563,主干路,2021
上地西路,12,28312.8,82.73,88.51,0.8125,主干路,2021
体育馆路,12,208107,92.01,89.24,1.990785,主干路,2021
望京北路,12,337188.9876,85.95,91.95,0.38,主干路,2021
新街口外大街,12,71308.9,66.15,72.78,8.369763,主干路,2021
美术馆后街,13,33086,82.81,75.89,9.3126702,次干路,2021
阜成路,13,87205.5,91.04,95.04,153.04781,主干路,2021
G4辅路（京石右侧辅路）,13,44920.5,79.53,80.12,0.31,主干路,2021
三环路内环辅路,13,10658,80.48,81.15,0,主干路,2021
三环路外环辅路,13,108806,86.04,91.37,95.803424,主干路,2021
杨庄大街,13,50653.8,80.36,94.14,707.805,主干路,2021
卢沟桥南路,13,40080,86.63,86.77,24.57650058,主干路,2021
周口店路,13,84760,86.88,86.84,17.49212288,次干路,2021
后八家路（八家南北线）,13,13692.5,79.51,79.41,0,主干路,2021
西三旗东路,14,20249.29821,86.46,85.29,0.47286,主干路,2021
菜市口大街,14,80694.4,86.02,72.13,0,主干路,2021
工人体育场北路,14,20268,100,80.39,0,主干路,2021
广安路,14,111034.2,86.69,90.78,13.681525,主干路,2021
G1辅路（京沈高速右辅路）,14,118035.5791,83,90.3,9.773728,主干路,2021
G1辅路（京沈高左右辅路）,14,16353,86.68,84.35,4.16,主干路,2021
石门路,14,8744.5,84.02,88.23,0.525503,主干路,2021
三环路内环辅路,14,14269.9,86.35,87.04,0,主干路,2021
三环路外环辅路,14,242814.25,84.65,84.27,14.558233,主干路,2021
信息路,14,57460.55,91.08,86.17,30.738616,主干路,2021
台基厂大街,14,72843.282,100,98.76,0.034815,支路,2021
二环路外环辅路,14,12301.98,93.48,93.47647893,1.10494,主干路,2021
阜成门内大街,14,83082.81,88.11,88.04,27.3426279,主干路,2021
南蜂窝路,14,141018.2,87.4,77.52,13.3511,主干路,2021
三环路内环辅路,14,169285.72,100,93.13,52.3644565,主干路,2021
三环路外环辅路,14,63039.4,87.02,87.76,2.903789,主干路,2021
三里河东路,14,64400,81.69,70.42,4.8562372,主干路,2021
新东路,14,115053.14,84.48,86.56,10.548062,主干路,2021
颐和园路,14,271131.73,82.88,84.87,18.706762,主干路,2021
安定门内大街,14,29103,87.5,90.05,4.080191,次干路,2021
海淀南路,14,82599,84.41,81.29,21.313767,次干路,2021
闵庄路,14,144684.05,76.82,77.63,16.49646498,次干路,2021
马连道北路,14,23324,81.01,72.38,3.120432,主干路,2021
二环路 ,14,36406.4,89.49,85.08,1.41067034,主干路,2021
二环路外环辅路,14,57151.5,82.83,84.8,26.3570204,主干路,2021
二环路外环辅路,14,38815.18,84.26,83.07,11.79922914,主干路,2021
京密路（京顺路）,14,66248,100,99.08,5.77089,主干路,2021
酒仙桥路,14,130225.25,77.67,68.52,67.9488153,主干路,2021
酒仙桥南路,15,30512.11947,88.21,80.73,4.0784473,主干路,2021
三环路内环辅路,15,16779,85.47,83.54,0.2081028,主干路,2021
三环路内环辅路,15,34010,97.6,88.75,0,主干路,2021
三环路外环辅路,15,61987,85.22,92.55,0.082362,主干路,2021
三环路外环辅路,15,28800,80.31,79.93,22.81780941,主干路,2021
永定路,15,54746,87.04,93.27,0,次干路,2021
阜石路辅路,15,65126.4,90.44,79.32,2.634037,主干路,2021
阜石路辅路,15,36000,79.76,68.79,5.325181,主干路,2021
阜石路辅路,15,67160,83.84,84.41,69.743636,主干路,2021
金榆路（温榆河大道）,15,26725.2,85.82,80.36,6.5492,主干路,2021
金盏路（温榆河大道）,15,45043,98.52,95.54,0,主干路,2021
康营东路（温榆河大道）,15,38376,92.1,86.86,36.7477866,主干路,2021
榴乡路（蒲黄榆路）,15,31120,78.21,79.89,67.575586,主干路,2021
阜石路,15,14882.9,77.88,80.38,50.685717,快速路,2021
阜石路,15,20252,100,92.1,20.715828,快速路,2021
阜石路,15,80467.9,79.26,78.98,56.05496233,快速路,2021
杏石口路,15,20676.6,88.42,65.27,3.41833816,主干路,2021
北苑路北段,15,52912,83.35,84.52,182.6563467,主干路,2021
东长安街,15,58939.4,86.58,76.56,2.476507,主干路,2021
京密路（京顺路）,15,27633.8,86.94,95.18,559.300275,主干路,2021
手帕口北街,15,11500,75.87,75.09,0,主干路,2021
西长安街,15,47514,73.51,75.09,58.3817568,主干路,2021
北湖渠路(鼎成路),15,14820,82.03,85.76,0,主干路,2021
万寿路,15,36918.72,93.62,91.3,2.44889,主干路,2021
望京西路,15,111047.5,76.75,76,52.9313183,次干路,2021
永定路,15,79548.97,90.4,87.07,0.7088,次干路,2021
北辰路,15,73814.5,85.96,86.21,105.957737,主干路,2021
广渠路,15,168837.4,88.64,88.81,128.0233155,主干路,2021
广渠路,15,57396.5,81.02,68.05,33.69133916,主干路,2021
前门大街,15,60807.5,81.01,84.08,0.13504,主干路,2021
四环路内环辅路,15,34094.63,85.52,84.78,2.89865,主干路,2021
四环路外环辅路,1,20521.9,88.97948568,88.97948568,0.1452,主干路,2021
西大望路,1,45337.21212,87.82662863,87.82662863,0.57,主干路,2021
东华门大街,1,45337.21212,87.98308506,87.98308506,0.08,次干路,2021
香山路,1,112080,91.22076072,91.22076072,0,次干路,2021
安立路,1,118955,90.62198341,90.62198341,2.432619,主干路,2021
安立路,1,118955,89.86959334,89.86959334,2.81685,主干路,2021
奥林西路,1,90620,90.39485078,90.39485078,1.189196,主干路,2021
北辰东路,1,66248,92.8322692,92.8322692,0.094572,主干路,2021
北辰桥改造道路,1,59296,88.33888432,88.33888432,2.0570076,主干路,2021
北辰西路,1,31549,92.32975364,92.32975364,0.222888,主干路,2021
北辰西路,1,21006,89.84110442,89.84110442,0,主干路,2021
北土城东路,1,121256.7779,85.89530586,85.89530586,0.2099,主干路,2021
大屯路,1,37084,89.45241516,89.45241516,0.16036,主干路,2021
高梁桥路,1,82351.8,91.77078269,91.77078269,0,主干路,2021
和平里北街,1,21742,87.2803808,87.2803808,0,主干路,2021
慧忠路,1,16694.5,91.43398103,91.43398103,0,主干路,2021
机场二通道辅路,1,30984,90.6455239,90.6455239,0,主干路,2021
姜庄路,2,86502.12939,87.81310939,87.81310939,1.386903,主干路,2021
康辛路,2,89135.44523,87.99353672,87.99353672,20.341064,主干路,2021
马连洼北路,2,22945,86.07639497,86.07639497,0.0444,主干路,2021
陶然亭路,2,37965,88.11014947,88.11014947,0.080808,主干路,2021
万寿路,2,31555,90.51787235,90.51787235,0.296455,主干路,2021
北京西站南路(西客站南路),2,36612.25,91.19574988,91.19574988,2.079649,主干路,2021
小营西路,2,27851,85.89367877,85.89367877,0,主干路,2021
永定门内大街,2,26938.8,89.81171239,89.81171239,0.1477,主干路,2021
张仪村路,2,31325.99666,91.43781737,91.43781737,8.63249093,主干路,2021
三里河路,2,56649.8,90.04425621,90.04425621,0,主干路,2021
五四大街,2,83490,88.79631668,88.79631668,17.51016706,主干路,2021
地安门东大街,2,59846.4,90.67098754,90.67098754,0.2276,主干路,2021
地安门西大街,2,14209,89.0351499,89.0351499,0.0598718,主干路,2021
东大桥路,2,49568,89.06277801,89.06277801,0,主干路,2021
东四十条,2,17564,87.73064802,87.73064802,0.01887,主干路,2021
东直门外大街,3,52980,92.70040564,92.70040564,0.164613,主干路,2021
丰葆路,3,60398,91.59245266,91.59245266,0.140748,主干路,2021
阜成门外大街,3,49784,88.17676045,88.17676045,2.219778,主干路,2021
工人体育场东路,3,121102.9811,87.32615812,87.32615812,129.033734,主干路,2021
平安里西大街,3,124789.6233,87.37569963,87.37569963,11.222465,主干路,2021
蒲黄榆路,3,45576,89.84292556,89.84292556,13.202304,主干路,2021
太平街,3,61099,88.56369823,88.56369823,1.51287,主干路,2021
天桥南大街,3,164380,85.76956998,85.76956998,1.872459,主干路,2021
文津街,3,142458.1,85.62130869,85.62130869,14.21028662,主干路,2021
学院南路,3,16856.2,87.32860124,87.32860124,0.1647795,主干路,2021
樱花园西街,3,22995,87.34218516,87.34218516,0.3047795,主干路,2021
中关村北大街,3,10632,86.28874451,86.28874451,0.3044952,主干路,2021
中关村大街,3,32927.1,85.45349749,85.45349749,0.1489842,主干路,2021
羊坊店路,3,43232,90.61295483,90.61295483,0.4392714,次干路,2021
周口店路,3,9662,88.81259251,88.81259251,0.1132,次干路,2021
周口店路,3,10913,87.62216323,87.62216323,0.024,次干路,2021
安翔北路,4,7163,87.76750623,87.76750623,13.48666,主干路,2021
动物园路,4,7563.7,86.06769976,86.06769976,4.091636,主干路,2021
黑泉路（林萃路）,4,5423.9,88.03141248,88.03141248,0.16,主干路,2021
红坊路,4,325713,89.05620001,89.05620001,8.537206,主干路,2021
蓝靛厂北路,4,36650,85.61884816,85.61884816,6.9273191,主干路,2021
蓝靛厂南路,4,68054,86.74180564,86.74180564,15.4413163,主干路,2021
清华东路,4,36398,89.19776886,89.19776886,0.2586,主干路,2021
上庄大街,4,12025.12679,87.79837358,87.79837358,0.41466,主干路,2021
辛店路（辛店村路东延）,4,12391.1982,86.95171456,86.95171456,4.83922,支路,2021
